2025-09-08 10:13:07 0 [Note] Starting MariaDB 10.4.32-MariaDB source revision c4143f909528e3fab0677a28631d10389354c491 as process 3648
2025-09-08 10:13:07 0 [Note] InnoDB: Mutexes and rw_locks use Windows interlocked functions
2025-09-08 10:13:07 0 [Note] InnoDB: Uses event mutexes
2025-09-08 10:13:07 0 [Note] InnoDB: Compressed tables use zlib 1.3
2025-09-08 10:13:07 0 [Note] InnoDB: Number of pools: 1
2025-09-08 10:13:07 0 [Note] InnoDB: Using SSE2 crc32 instructions
2025-09-08 10:13:07 0 [Note] InnoDB: Initializing buffer pool, total size = 16M, instances = 1, chunk size = 16M
2025-09-08 10:13:07 0 [Note] InnoDB: Completed initialization of buffer pool
2025-09-08 10:13:07 0 [Note] InnoDB: Starting crash recovery from checkpoint LSN=300288
2025-09-08 10:13:08 0 [Note] InnoDB: 128 out of 128 rollback segments are active.
2025-09-08 10:13:08 0 [Note] InnoDB: Removed temporary tablespace data file: "ibtmp1"
2025-09-08 10:13:08 0 [Note] InnoDB: Creating shared tablespace for temporary tables
2025-09-08 10:13:08 0 [Note] InnoDB: Setting file 'C:\xampp\mysql\data\ibtmp1' size to 12 MB. Physically writing the file full; Please wait ...
2025-09-08 10:13:08 0 [Note] InnoDB: File 'C:\xampp\mysql\data\ibtmp1' size is now 12 MB.
2025-09-08 10:13:08 0 [Note] InnoDB: Waiting for purge to start
2025-09-08 10:13:08 0 [Note] InnoDB: 10.4.32 started; log sequence number 300297; transaction id 170
2025-09-08 10:13:08 0 [Note] InnoDB: Loading buffer pool(s) from C:\xampp\mysql\data\ib_buffer_pool
2025-09-08 10:13:08 0 [Note] Plugin 'FEEDBACK' is disabled.
2025-09-08 10:13:08 0 [Note] InnoDB: Buffer pool(s) load completed at 250908 10:13:08
2025-09-08 10:13:08 0 [Note] Server socket created on IP: '::'.
2025-09-08 10:13:08 0 [Note] Reading of all Master_info entries succeeded
2025-09-08 10:13:08 0 [Note] Added new Master_info '' to hash table
2025-09-08 10:13:08 0 [Note] C:\xampp\mysql\bin\mysqld.exe: ready for connections.
Version: '10.4.32-MariaDB'  socket: ''  port: 3306  mariadb.org binary distribution
2025-09-08 10:18:43 158 [Warning] Access denied for user 'Trc_site'@'localhost' (using password: YES)
2025-09-08 10:19:08 159 [Warning] Access denied for user 'Trc_site'@'localhost' (using password: YES)
2025-09-08 14:40:51 0 [Note] C:\xampp\mysql\bin\mysqld.exe (initiated by: unknown): Normal shutdown
2025-09-08 14:40:51 0 [Note] Event Scheduler: Purging the queue. 0 events
2025-09-08 14:40:51 0 [Note] InnoDB: FTS optimize thread exiting.
2025-09-08 14:40:51 0 [Note] InnoDB: Starting shutdown...
2025-09-08 14:40:51 0 [Note] InnoDB: Dumping buffer pool(s) to C:\xampp\mysql\data\ib_buffer_pool
2025-09-08 14:40:51 0 [Note] InnoDB: Instance 0, restricted to 250 pages due to innodb_buf_pool_dump_pct=25
2025-09-08 14:40:51 0 [Note] InnoDB: Buffer pool(s) dump completed at 250908 14:40:51
2025-09-08 14:40:52 0 [Note] InnoDB: Removed temporary tablespace data file: "ibtmp1"
2025-09-08 14:40:52 0 [Note] InnoDB: Shutdown completed; log sequence number 404857; transaction id 350
2025-09-08 14:40:52 0 [Note] C:\xampp\mysql\bin\mysqld.exe: Shutdown complete

2025-09-09  8:18:12 0 [Note] Starting MariaDB 10.4.32-MariaDB source revision c4143f909528e3fab0677a28631d10389354c491 as process 4256
2025-09-09  8:18:12 0 [Note] InnoDB: Mutexes and rw_locks use Windows interlocked functions
2025-09-09  8:18:12 0 [Note] InnoDB: Uses event mutexes
2025-09-09  8:18:12 0 [Note] InnoDB: Compressed tables use zlib 1.3
2025-09-09  8:18:12 0 [Note] InnoDB: Number of pools: 1
2025-09-09  8:18:12 0 [Note] InnoDB: Using SSE2 crc32 instructions
2025-09-09  8:18:12 0 [Note] InnoDB: Initializing buffer pool, total size = 16M, instances = 1, chunk size = 16M
2025-09-09  8:18:12 0 [Note] InnoDB: Completed initialization of buffer pool
2025-09-09  8:18:12 0 [Note] InnoDB: 128 out of 128 rollback segments are active.
2025-09-09  8:18:12 0 [Note] InnoDB: Creating shared tablespace for temporary tables
2025-09-09  8:18:12 0 [Note] InnoDB: Setting file 'C:\xampp\mysql\data\ibtmp1' size to 12 MB. Physically writing the file full; Please wait ...
2025-09-09  8:18:12 0 [Note] InnoDB: File 'C:\xampp\mysql\data\ibtmp1' size is now 12 MB.
2025-09-09  8:18:12 0 [Note] InnoDB: Waiting for purge to start
2025-09-09  8:18:12 0 [Note] InnoDB: 10.4.32 started; log sequence number 404857; transaction id 351
2025-09-09  8:18:12 0 [Note] InnoDB: Loading buffer pool(s) from C:\xampp\mysql\data\ib_buffer_pool
2025-09-09  8:18:12 0 [Note] Plugin 'FEEDBACK' is disabled.
2025-09-09  8:18:12 0 [Note] InnoDB: Buffer pool(s) load completed at 250909  8:18:12
2025-09-09  8:18:12 0 [Note] Server socket created on IP: '::'.
2025-09-09  8:18:12 0 [Note] Reading of all Master_info entries succeeded
2025-09-09  8:18:12 0 [Note] Added new Master_info '' to hash table
2025-09-09  8:18:12 0 [Note] C:\xampp\mysql\bin\mysqld.exe: ready for connections.
Version: '10.4.32-MariaDB'  socket: ''  port: 3306  mariadb.org binary distribution
2025-09-09 14:06:05 0 [Note] C:\xampp\mysql\bin\mysqld.exe (initiated by: unknown): Normal shutdown
2025-09-09 14:06:05 0 [Note] Event Scheduler: Purging the queue. 0 events
2025-09-09 14:06:05 0 [Note] InnoDB: FTS optimize thread exiting.
2025-09-09 14:06:05 0 [Note] InnoDB: Starting shutdown...
2025-09-09 14:06:05 0 [Note] InnoDB: Dumping buffer pool(s) to C:\xampp\mysql\data\ib_buffer_pool
2025-09-09 14:06:05 0 [Note] InnoDB: Instance 0, restricted to 250 pages due to innodb_buf_pool_dump_pct=25
2025-09-09 14:06:05 0 [Note] InnoDB: Buffer pool(s) dump completed at 250909 14:06:05
2025-09-09 14:06:06 0 [Note] InnoDB: Removed temporary tablespace data file: "ibtmp1"
2025-09-09 14:06:06 0 [Note] InnoDB: Shutdown completed; log sequence number 536999; transaction id 501
2025-09-09 14:06:06 0 [Note] C:\xampp\mysql\bin\mysqld.exe: Shutdown complete

2025-09-10  0:04:15 0 [Note] Starting MariaDB 10.4.32-MariaDB source revision c4143f909528e3fab0677a28631d10389354c491 as process 4256
2025-09-10  0:04:15 0 [Note] InnoDB: Mutexes and rw_locks use Windows interlocked functions
2025-09-10  0:04:15 0 [Note] InnoDB: Uses event mutexes
2025-09-10  0:04:15 0 [Note] InnoDB: Compressed tables use zlib 1.3
2025-09-10  0:04:15 0 [Note] InnoDB: Number of pools: 1
2025-09-10  0:04:15 0 [Note] InnoDB: Using SSE2 crc32 instructions
2025-09-10  0:04:15 0 [Note] InnoDB: Initializing buffer pool, total size = 16M, instances = 1, chunk size = 16M
2025-09-10  0:04:15 0 [Note] InnoDB: Completed initialization of buffer pool
2025-09-10  0:04:16 0 [Note] InnoDB: 128 out of 128 rollback segments are active.
2025-09-10  0:04:16 0 [Note] InnoDB: Creating shared tablespace for temporary tables
2025-09-10  0:04:16 0 [Note] InnoDB: Setting file 'C:\xampp\mysql\data\ibtmp1' size to 12 MB. Physically writing the file full; Please wait ...
2025-09-10  0:04:16 0 [Note] InnoDB: File 'C:\xampp\mysql\data\ibtmp1' size is now 12 MB.
2025-09-10  0:04:16 0 [Note] InnoDB: Waiting for purge to start
2025-09-10  0:04:16 0 [Note] InnoDB: 10.4.32 started; log sequence number 536999; transaction id 502
2025-09-10  0:04:16 0 [Note] InnoDB: Loading buffer pool(s) from C:\xampp\mysql\data\ib_buffer_pool
2025-09-10  0:04:16 0 [Note] Plugin 'FEEDBACK' is disabled.
2025-09-10  0:04:16 0 [Note] Server socket created on IP: '::'.
2025-09-10  0:04:16 0 [Note] InnoDB: Buffer pool(s) load completed at 250910  0:04:16
2025-09-10  0:04:16 0 [Note] Reading of all Master_info entries succeeded
2025-09-10  0:04:16 0 [Note] Added new Master_info '' to hash table
2025-09-10  0:04:16 0 [Note] C:\xampp\mysql\bin\mysqld.exe: ready for connections.
Version: '10.4.32-MariaDB'  socket: ''  port: 3306  mariadb.org binary distribution
2025-09-10 10:19:36 0 [Note] Starting MariaDB 10.4.32-MariaDB source revision c4143f909528e3fab0677a28631d10389354c491 as process 4336
2025-09-10 10:19:36 0 [Note] InnoDB: Mutexes and rw_locks use Windows interlocked functions
2025-09-10 10:19:36 0 [Note] InnoDB: Uses event mutexes
2025-09-10 10:19:36 0 [Note] InnoDB: Compressed tables use zlib 1.3
2025-09-10 10:19:36 0 [Note] InnoDB: Number of pools: 1
2025-09-10 10:19:36 0 [Note] InnoDB: Using SSE2 crc32 instructions
2025-09-10 10:19:36 0 [Note] InnoDB: Initializing buffer pool, total size = 16M, instances = 1, chunk size = 16M
2025-09-10 10:19:36 0 [Note] InnoDB: Completed initialization of buffer pool
2025-09-10 10:19:36 0 [Note] InnoDB: Starting crash recovery from checkpoint LSN=536999
2025-09-10 10:19:36 0 [Note] InnoDB: 128 out of 128 rollback segments are active.
2025-09-10 10:19:36 0 [Note] InnoDB: Removed temporary tablespace data file: "ibtmp1"
2025-09-10 10:19:36 0 [Note] InnoDB: Creating shared tablespace for temporary tables
2025-09-10 10:19:36 0 [Note] InnoDB: Setting file 'C:\xampp\mysql\data\ibtmp1' size to 12 MB. Physically writing the file full; Please wait ...
2025-09-10 10:19:36 0 [Note] InnoDB: File 'C:\xampp\mysql\data\ibtmp1' size is now 12 MB.
2025-09-10 10:19:36 0 [Note] InnoDB: Waiting for purge to start
2025-09-10 10:19:36 0 [Note] InnoDB: 10.4.32 started; log sequence number 537008; transaction id 502
2025-09-10 10:19:36 0 [Note] InnoDB: Loading buffer pool(s) from C:\xampp\mysql\data\ib_buffer_pool
2025-09-10 10:19:37 0 [Note] Plugin 'FEEDBACK' is disabled.
2025-09-10 10:19:37 0 [Note] Server socket created on IP: '::'.
2025-09-10 10:19:37 0 [Note] InnoDB: Buffer pool(s) load completed at 250910 10:19:37
2025-09-10 10:19:37 0 [Note] Reading of all Master_info entries succeeded
2025-09-10 10:19:37 0 [Note] Added new Master_info '' to hash table
2025-09-10 10:19:37 0 [Note] C:\xampp\mysql\bin\mysqld.exe: ready for connections.
Version: '10.4.32-MariaDB'  socket: ''  port: 3306  mariadb.org binary distribution
2025-09-10 14:06:31 0 [Note] C:\xampp\mysql\bin\mysqld.exe (initiated by: unknown): Normal shutdown
2025-09-10 14:06:31 0 [Note] Event Scheduler: Purging the queue. 0 events
2025-09-10 14:06:31 0 [Note] InnoDB: FTS optimize thread exiting.
2025-09-10 14:06:31 0 [Note] InnoDB: Starting shutdown...
2025-09-10 14:06:31 0 [Note] InnoDB: Dumping buffer pool(s) to C:\xampp\mysql\data\ib_buffer_pool
2025-09-10 14:06:31 0 [Note] InnoDB: Instance 0, restricted to 250 pages due to innodb_buf_pool_dump_pct=25
2025-09-10 14:06:31 0 [Note] InnoDB: Buffer pool(s) dump completed at 250910 14:06:31
2025-09-10 14:06:32 0 [Note] InnoDB: Removed temporary tablespace data file: "ibtmp1"
2025-09-10 14:06:32 0 [Note] InnoDB: Shutdown completed; log sequence number 563499; transaction id 580
2025-09-10 14:06:32 0 [Note] C:\xampp\mysql\bin\mysqld.exe: Shutdown complete

2025-09-11  8:08:04 0 [Note] Starting MariaDB 10.4.32-MariaDB source revision c4143f909528e3fab0677a28631d10389354c491 as process 4296
2025-09-11  8:08:04 0 [Note] InnoDB: Mutexes and rw_locks use Windows interlocked functions
2025-09-11  8:08:04 0 [Note] InnoDB: Uses event mutexes
2025-09-11  8:08:04 0 [Note] InnoDB: Compressed tables use zlib 1.3
2025-09-11  8:08:04 0 [Note] InnoDB: Number of pools: 1
2025-09-11  8:08:04 0 [Note] InnoDB: Using SSE2 crc32 instructions
2025-09-11  8:08:04 0 [Note] InnoDB: Initializing buffer pool, total size = 16M, instances = 1, chunk size = 16M
2025-09-11  8:08:04 0 [Note] InnoDB: Completed initialization of buffer pool
2025-09-11  8:08:04 0 [Note] InnoDB: 128 out of 128 rollback segments are active.
2025-09-11  8:08:04 0 [Note] InnoDB: Creating shared tablespace for temporary tables
2025-09-11  8:08:04 0 [Note] InnoDB: Setting file 'C:\xampp\mysql\data\ibtmp1' size to 12 MB. Physically writing the file full; Please wait ...
2025-09-11  8:08:04 0 [Note] InnoDB: File 'C:\xampp\mysql\data\ibtmp1' size is now 12 MB.
2025-09-11  8:08:04 0 [Note] InnoDB: Waiting for purge to start
2025-09-11  8:08:04 0 [Note] InnoDB: 10.4.32 started; log sequence number 563499; transaction id 581
2025-09-11  8:08:04 0 [Note] InnoDB: Loading buffer pool(s) from C:\xampp\mysql\data\ib_buffer_pool
2025-09-11  8:08:04 0 [Note] Plugin 'FEEDBACK' is disabled.
2025-09-11  8:08:04 0 [Note] Server socket created on IP: '::'.
2025-09-11  8:08:05 0 [Note] InnoDB: Buffer pool(s) load completed at 250911  8:08:05
2025-09-11  8:08:05 0 [Note] Reading of all Master_info entries succeeded
2025-09-11  8:08:05 0 [Note] Added new Master_info '' to hash table
2025-09-11  8:08:05 0 [Note] C:\xampp\mysql\bin\mysqld.exe: ready for connections.
Version: '10.4.32-MariaDB'  socket: ''  port: 3306  mariadb.org binary distribution
2025-09-11 13:47:25 0 [Note] C:\xampp\mysql\bin\mysqld.exe (initiated by: unknown): Normal shutdown
2025-09-11 13:47:25 0 [Note] Event Scheduler: Purging the queue. 0 events
2025-09-11 13:47:25 0 [Note] InnoDB: FTS optimize thread exiting.
2025-09-11 13:47:26 0 [Note] InnoDB: Starting shutdown...
2025-09-11 13:47:26 0 [Note] InnoDB: Dumping buffer pool(s) to C:\xampp\mysql\data\ib_buffer_pool
2025-09-11 13:47:26 0 [Note] InnoDB: Instance 0, restricted to 250 pages due to innodb_buf_pool_dump_pct=25
2025-09-11 13:47:26 0 [Note] InnoDB: Buffer pool(s) dump completed at 250911 13:47:26
2025-09-11 13:47:27 0 [Note] InnoDB: Removed temporary tablespace data file: "ibtmp1"
2025-09-11 13:47:27 0 [Note] InnoDB: Shutdown completed; log sequence number 972965; transaction id 1098
2025-09-11 13:47:27 0 [Note] C:\xampp\mysql\bin\mysqld.exe: Shutdown complete

2025-09-15  8:07:00 0 [Note] Starting MariaDB 10.4.32-MariaDB source revision c4143f909528e3fab0677a28631d10389354c491 as process 4144
2025-09-15  8:07:00 0 [Note] InnoDB: Mutexes and rw_locks use Windows interlocked functions
2025-09-15  8:07:00 0 [Note] InnoDB: Uses event mutexes
2025-09-15  8:07:00 0 [Note] InnoDB: Compressed tables use zlib 1.3
2025-09-15  8:07:00 0 [Note] InnoDB: Number of pools: 1
2025-09-15  8:07:00 0 [Note] InnoDB: Using SSE2 crc32 instructions
2025-09-15  8:07:00 0 [Note] InnoDB: Initializing buffer pool, total size = 16M, instances = 1, chunk size = 16M
2025-09-15  8:07:00 0 [Note] InnoDB: Completed initialization of buffer pool
2025-09-15  8:07:01 0 [Note] InnoDB: 128 out of 128 rollback segments are active.
2025-09-15  8:07:01 0 [Note] InnoDB: Creating shared tablespace for temporary tables
2025-09-15  8:07:01 0 [Note] InnoDB: Setting file 'C:\xampp\mysql\data\ibtmp1' size to 12 MB. Physically writing the file full; Please wait ...
2025-09-15  8:07:01 0 [Note] InnoDB: File 'C:\xampp\mysql\data\ibtmp1' size is now 12 MB.
2025-09-15  8:07:01 0 [Note] InnoDB: Waiting for purge to start
2025-09-15  8:07:01 0 [Note] InnoDB: 10.4.32 started; log sequence number 972965; transaction id 1099
2025-09-15  8:07:01 0 [Note] InnoDB: Loading buffer pool(s) from C:\xampp\mysql\data\ib_buffer_pool
2025-09-15  8:07:01 0 [Note] Plugin 'FEEDBACK' is disabled.
2025-09-15  8:07:01 0 [Note] Server socket created on IP: '::'.
2025-09-15  8:07:01 0 [Note] InnoDB: Buffer pool(s) load completed at 250915  8:07:01
2025-09-15  8:07:01 0 [Note] Reading of all Master_info entries succeeded
2025-09-15  8:07:01 0 [Note] Added new Master_info '' to hash table
2025-09-15  8:07:01 0 [Note] C:\xampp\mysql\bin\mysqld.exe: ready for connections.
Version: '10.4.32-MariaDB'  socket: ''  port: 3306  mariadb.org binary distribution
2025-09-16  8:31:49 0 [Note] Starting MariaDB 10.4.32-MariaDB source revision c4143f909528e3fab0677a28631d10389354c491 as process 4252
2025-09-16  8:31:49 0 [Note] InnoDB: Mutexes and rw_locks use Windows interlocked functions
2025-09-16  8:31:49 0 [Note] InnoDB: Uses event mutexes
2025-09-16  8:31:49 0 [Note] InnoDB: Compressed tables use zlib 1.3
2025-09-16  8:31:49 0 [Note] InnoDB: Number of pools: 1
2025-09-16  8:31:49 0 [Note] InnoDB: Using SSE2 crc32 instructions
2025-09-16  8:31:49 0 [Note] InnoDB: Initializing buffer pool, total size = 16M, instances = 1, chunk size = 16M
2025-09-16  8:31:49 0 [Note] InnoDB: Completed initialization of buffer pool
2025-09-16  8:31:49 0 [Note] InnoDB: Starting crash recovery from checkpoint LSN=978313
2025-09-16  8:31:49 0 [Note] InnoDB: 128 out of 128 rollback segments are active.
2025-09-16  8:31:49 0 [Note] InnoDB: Removed temporary tablespace data file: "ibtmp1"
2025-09-16  8:31:49 0 [Note] InnoDB: Creating shared tablespace for temporary tables
2025-09-16  8:31:49 0 [Note] InnoDB: Setting file 'C:\xampp\mysql\data\ibtmp1' size to 12 MB. Physically writing the file full; Please wait ...
2025-09-16  8:31:49 0 [Note] InnoDB: File 'C:\xampp\mysql\data\ibtmp1' size is now 12 MB.
2025-09-16  8:31:49 0 [Note] InnoDB: Waiting for purge to start
2025-09-16  8:31:49 0 [Note] InnoDB: 10.4.32 started; log sequence number 978322; transaction id 1143
2025-09-16  8:31:49 0 [Note] InnoDB: Loading buffer pool(s) from C:\xampp\mysql\data\ib_buffer_pool
2025-09-16  8:31:49 0 [Note] Plugin 'FEEDBACK' is disabled.
2025-09-16  8:31:49 0 [Note] Server socket created on IP: '::'.
2025-09-16  8:31:49 0 [Note] InnoDB: Buffer pool(s) load completed at 250916  8:31:49
2025-09-16  8:31:49 0 [Note] Reading of all Master_info entries succeeded
2025-09-16  8:31:49 0 [Note] Added new Master_info '' to hash table
2025-09-16  8:31:49 0 [Note] C:\xampp\mysql\bin\mysqld.exe: ready for connections.
Version: '10.4.32-MariaDB'  socket: ''  port: 3306  mariadb.org binary distribution
2025-09-16 12:18:09 0 [Note] Starting MariaDB 10.4.32-MariaDB source revision c4143f909528e3fab0677a28631d10389354c491 as process 4288
2025-09-16 12:18:09 0 [Note] InnoDB: Mutexes and rw_locks use Windows interlocked functions
2025-09-16 12:18:09 0 [Note] InnoDB: Uses event mutexes
2025-09-16 12:18:09 0 [Note] InnoDB: Compressed tables use zlib 1.3
2025-09-16 12:18:09 0 [Note] InnoDB: Number of pools: 1
2025-09-16 12:18:09 0 [Note] InnoDB: Using SSE2 crc32 instructions
2025-09-16 12:18:09 0 [Note] InnoDB: Initializing buffer pool, total size = 16M, instances = 1, chunk size = 16M
2025-09-16 12:18:09 0 [Note] InnoDB: Completed initialization of buffer pool
2025-09-16 12:18:09 0 [Note] InnoDB: Starting crash recovery from checkpoint LSN=978331
2025-09-16 12:18:09 0 [Note] InnoDB: 128 out of 128 rollback segments are active.
2025-09-16 12:18:09 0 [Note] InnoDB: Removed temporary tablespace data file: "ibtmp1"
2025-09-16 12:18:09 0 [Note] InnoDB: Creating shared tablespace for temporary tables
2025-09-16 12:18:09 0 [Note] InnoDB: Setting file 'C:\xampp\mysql\data\ibtmp1' size to 12 MB. Physically writing the file full; Please wait ...
2025-09-16 12:18:09 0 [Note] InnoDB: File 'C:\xampp\mysql\data\ibtmp1' size is now 12 MB.
2025-09-16 12:18:09 0 [Note] InnoDB: Waiting for purge to start
2025-09-16 12:18:09 0 [Note] InnoDB: 10.4.32 started; log sequence number 978340; transaction id 1143
2025-09-16 12:18:10 0 [Note] InnoDB: Loading buffer pool(s) from C:\xampp\mysql\data\ib_buffer_pool
2025-09-16 12:18:10 0 [Note] Plugin 'FEEDBACK' is disabled.
2025-09-16 12:18:10 0 [Note] Server socket created on IP: '::'.
2025-09-16 12:18:10 0 [Note] InnoDB: Buffer pool(s) load completed at 250916 12:18:10
2025-09-16 12:18:10 0 [Note] Reading of all Master_info entries succeeded
2025-09-16 12:18:10 0 [Note] Added new Master_info '' to hash table
2025-09-16 12:18:10 0 [Note] C:\xampp\mysql\bin\mysqld.exe: ready for connections.
Version: '10.4.32-MariaDB'  socket: ''  port: 3306  mariadb.org binary distribution
2025-09-16 12:21:20 0 [Note] C:\xampp\mysql\bin\mysqld.exe (initiated by: unknown): Normal shutdown
2025-09-16 12:21:20 0 [Note] Event Scheduler: Purging the queue. 0 events
2025-09-16 12:21:20 0 [Note] InnoDB: FTS optimize thread exiting.
2025-09-16 12:21:21 0 [Note] InnoDB: Starting shutdown...
2025-09-16 12:21:21 0 [Note] InnoDB: Dumping buffer pool(s) to C:\xampp\mysql\data\ib_buffer_pool
2025-09-16 12:21:21 0 [Note] InnoDB: Instance 0, restricted to 250 pages due to innodb_buf_pool_dump_pct=25
2025-09-16 12:21:21 0 [Note] InnoDB: Buffer pool(s) dump completed at 250916 12:21:21
2025-09-16 12:21:22 0 [Note] InnoDB: Removed temporary tablespace data file: "ibtmp1"
2025-09-16 12:21:22 0 [Note] InnoDB: Shutdown completed; log sequence number 978358; transaction id 1145
2025-09-16 12:21:22 0 [Note] C:\xampp\mysql\bin\mysqld.exe: Shutdown complete

2025-09-16 12:22:03 0 [Note] Starting MariaDB 10.4.32-MariaDB source revision c4143f909528e3fab0677a28631d10389354c491 as process 4228
2025-09-16 12:22:03 0 [Note] InnoDB: Mutexes and rw_locks use Windows interlocked functions
2025-09-16 12:22:03 0 [Note] InnoDB: Uses event mutexes
2025-09-16 12:22:03 0 [Note] InnoDB: Compressed tables use zlib 1.3
2025-09-16 12:22:03 0 [Note] InnoDB: Number of pools: 1
2025-09-16 12:22:03 0 [Note] InnoDB: Using SSE2 crc32 instructions
2025-09-16 12:22:03 0 [Note] InnoDB: Initializing buffer pool, total size = 16M, instances = 1, chunk size = 16M
2025-09-16 12:22:03 0 [Note] InnoDB: Completed initialization of buffer pool
2025-09-16 12:22:03 0 [Note] InnoDB: 128 out of 128 rollback segments are active.
2025-09-16 12:22:03 0 [Note] InnoDB: Creating shared tablespace for temporary tables
2025-09-16 12:22:03 0 [Note] InnoDB: Setting file 'C:\xampp\mysql\data\ibtmp1' size to 12 MB. Physically writing the file full; Please wait ...
2025-09-16 12:22:03 0 [Note] InnoDB: File 'C:\xampp\mysql\data\ibtmp1' size is now 12 MB.
2025-09-16 12:22:03 0 [Note] InnoDB: Waiting for purge to start
2025-09-16 12:22:03 0 [Note] InnoDB: 10.4.32 started; log sequence number 978358; transaction id 1143
2025-09-16 12:22:03 0 [Note] InnoDB: Loading buffer pool(s) from C:\xampp\mysql\data\ib_buffer_pool
2025-09-16 12:22:03 0 [Note] Plugin 'FEEDBACK' is disabled.
2025-09-16 12:22:03 0 [Note] Server socket created on IP: '::'.
2025-09-16 12:22:03 0 [Note] InnoDB: Buffer pool(s) load completed at 250916 12:22:03
2025-09-16 12:22:03 0 [Note] Reading of all Master_info entries succeeded
2025-09-16 12:22:03 0 [Note] Added new Master_info '' to hash table
2025-09-16 12:22:03 0 [Note] C:\xampp\mysql\bin\mysqld.exe: ready for connections.
Version: '10.4.32-MariaDB'  socket: ''  port: 3306  mariadb.org binary distribution
2025-09-16 12:40:27 0 [Note] Starting MariaDB 10.4.32-MariaDB source revision c4143f909528e3fab0677a28631d10389354c491 as process 4232
2025-09-16 12:40:27 0 [Note] InnoDB: Mutexes and rw_locks use Windows interlocked functions
2025-09-16 12:40:27 0 [Note] InnoDB: Uses event mutexes
2025-09-16 12:40:27 0 [Note] InnoDB: Compressed tables use zlib 1.3
2025-09-16 12:40:27 0 [Note] InnoDB: Number of pools: 1
2025-09-16 12:40:27 0 [Note] InnoDB: Using SSE2 crc32 instructions
2025-09-16 12:40:27 0 [Note] InnoDB: Initializing buffer pool, total size = 16M, instances = 1, chunk size = 16M
2025-09-16 12:40:27 0 [Note] InnoDB: Completed initialization of buffer pool
2025-09-16 12:40:27 0 [Note] InnoDB: Starting crash recovery from checkpoint LSN=978358
2025-09-16 12:40:28 0 [Note] InnoDB: 128 out of 128 rollback segments are active.
2025-09-16 12:40:28 0 [Note] InnoDB: Removed temporary tablespace data file: "ibtmp1"
2025-09-16 12:40:28 0 [Note] InnoDB: Creating shared tablespace for temporary tables
2025-09-16 12:40:28 0 [Note] InnoDB: Setting file 'C:\xampp\mysql\data\ibtmp1' size to 12 MB. Physically writing the file full; Please wait ...
2025-09-16 12:40:28 0 [Note] InnoDB: File 'C:\xampp\mysql\data\ibtmp1' size is now 12 MB.
2025-09-16 12:40:28 0 [Note] InnoDB: Waiting for purge to start
2025-09-16 12:40:28 0 [Note] InnoDB: 10.4.32 started; log sequence number 978367; transaction id 1143
2025-09-16 12:40:28 0 [Note] InnoDB: Loading buffer pool(s) from C:\xampp\mysql\data\ib_buffer_pool
2025-09-16 12:40:28 0 [Note] Plugin 'FEEDBACK' is disabled.
2025-09-16 12:40:28 0 [Note] Server socket created on IP: '::'.
2025-09-16 12:40:28 0 [Note] InnoDB: Buffer pool(s) load completed at 250916 12:40:28
2025-09-16 12:40:28 0 [Note] Reading of all Master_info entries succeeded
2025-09-16 12:40:28 0 [Note] Added new Master_info '' to hash table
2025-09-16 12:40:28 0 [Note] C:\xampp\mysql\bin\mysqld.exe: ready for connections.
Version: '10.4.32-MariaDB'  socket: ''  port: 3306  mariadb.org binary distribution
2025-09-16 13:55:17 0 [Note] C:\xampp\mysql\bin\mysqld.exe (initiated by: unknown): Normal shutdown
2025-09-16 13:55:17 0 [Note] InnoDB: FTS optimize thread exiting.
2025-09-16 13:55:17 0 [Note] Event Scheduler: Purging the queue. 0 events
2025-09-16 13:55:17 0 [Note] InnoDB: Starting shutdown...
2025-09-16 13:55:17 0 [Note] InnoDB: Dumping buffer pool(s) to C:\xampp\mysql\data\ib_buffer_pool
2025-09-16 13:55:17 0 [Note] InnoDB: Instance 0, restricted to 250 pages due to innodb_buf_pool_dump_pct=25
2025-09-16 13:55:17 0 [Note] InnoDB: Buffer pool(s) dump completed at 250916 13:55:17
2025-09-16 13:55:17 0 [Note] InnoDB: Removed temporary tablespace data file: "ibtmp1"
2025-09-16 13:55:17 0 [Note] InnoDB: Shutdown completed; log sequence number 978385; transaction id 1145
2025-09-16 13:55:17 0 [Note] C:\xampp\mysql\bin\mysqld.exe: Shutdown complete

2025-09-17  9:08:01 0 [Note] Starting MariaDB 10.4.32-MariaDB source revision c4143f909528e3fab0677a28631d10389354c491 as process 4272
2025-09-17  9:08:01 0 [Note] InnoDB: Mutexes and rw_locks use Windows interlocked functions
2025-09-17  9:08:01 0 [Note] InnoDB: Uses event mutexes
2025-09-17  9:08:01 0 [Note] InnoDB: Compressed tables use zlib 1.3
2025-09-17  9:08:01 0 [Note] InnoDB: Number of pools: 1
2025-09-17  9:08:01 0 [Note] InnoDB: Using SSE2 crc32 instructions
2025-09-17  9:08:01 0 [Note] InnoDB: Initializing buffer pool, total size = 16M, instances = 1, chunk size = 16M
2025-09-17  9:08:01 0 [Note] InnoDB: Completed initialization of buffer pool
2025-09-17  9:08:01 0 [Note] InnoDB: 128 out of 128 rollback segments are active.
2025-09-17  9:08:01 0 [Note] InnoDB: Creating shared tablespace for temporary tables
2025-09-17  9:08:01 0 [Note] InnoDB: Setting file 'C:\xampp\mysql\data\ibtmp1' size to 12 MB. Physically writing the file full; Please wait ...
2025-09-17  9:08:01 0 [Note] InnoDB: File 'C:\xampp\mysql\data\ibtmp1' size is now 12 MB.
2025-09-17  9:08:01 0 [Note] InnoDB: Waiting for purge to start
2025-09-17  9:08:01 0 [Note] InnoDB: 10.4.32 started; log sequence number 978385; transaction id 1143
2025-09-17  9:08:01 0 [Note] InnoDB: Loading buffer pool(s) from C:\xampp\mysql\data\ib_buffer_pool
2025-09-17  9:08:01 0 [Note] Plugin 'FEEDBACK' is disabled.
2025-09-17  9:08:01 0 [Note] Server socket created on IP: '::'.
2025-09-17  9:08:01 0 [Note] InnoDB: Buffer pool(s) load completed at 250917  9:08:01
2025-09-17  9:08:01 0 [Note] Reading of all Master_info entries succeeded
2025-09-17  9:08:01 0 [Note] Added new Master_info '' to hash table
2025-09-17  9:08:01 0 [Note] C:\xampp\mysql\bin\mysqld.exe: ready for connections.
Version: '10.4.32-MariaDB'  socket: ''  port: 3306  mariadb.org binary distribution
2025-09-17 10:42:25 0 [Note] Starting MariaDB 10.4.32-MariaDB source revision c4143f909528e3fab0677a28631d10389354c491 as process 4228
2025-09-17 10:42:25 0 [Note] InnoDB: Mutexes and rw_locks use Windows interlocked functions
2025-09-17 10:42:25 0 [Note] InnoDB: Uses event mutexes
2025-09-17 10:42:25 0 [Note] InnoDB: Compressed tables use zlib 1.3
2025-09-17 10:42:25 0 [Note] InnoDB: Number of pools: 1
2025-09-17 10:42:25 0 [Note] InnoDB: Using SSE2 crc32 instructions
2025-09-17 10:42:25 0 [Note] InnoDB: Initializing buffer pool, total size = 16M, instances = 1, chunk size = 16M
2025-09-17 10:42:25 0 [Note] InnoDB: Completed initialization of buffer pool
2025-09-17 10:42:25 0 [Note] InnoDB: Starting crash recovery from checkpoint LSN=978385
2025-09-17 10:42:26 0 [Note] InnoDB: 128 out of 128 rollback segments are active.
2025-09-17 10:42:26 0 [Note] InnoDB: Removed temporary tablespace data file: "ibtmp1"
2025-09-17 10:42:26 0 [Note] InnoDB: Creating shared tablespace for temporary tables
2025-09-17 10:42:26 0 [Note] InnoDB: Setting file 'C:\xampp\mysql\data\ibtmp1' size to 12 MB. Physically writing the file full; Please wait ...
2025-09-17 10:42:26 0 [Note] InnoDB: File 'C:\xampp\mysql\data\ibtmp1' size is now 12 MB.
2025-09-17 10:42:26 0 [Note] InnoDB: Waiting for purge to start
2025-09-17 10:42:26 0 [Note] InnoDB: 10.4.32 started; log sequence number 978394; transaction id 1143
2025-09-17 10:42:26 0 [Note] InnoDB: Loading buffer pool(s) from C:\xampp\mysql\data\ib_buffer_pool
2025-09-17 10:42:26 0 [Note] Plugin 'FEEDBACK' is disabled.
2025-09-17 10:42:26 0 [Note] Server socket created on IP: '::'.
2025-09-17 10:42:26 0 [Note] InnoDB: Buffer pool(s) load completed at 250917 10:42:26
2025-09-17 10:42:26 0 [Note] Reading of all Master_info entries succeeded
2025-09-17 10:42:26 0 [Note] Added new Master_info '' to hash table
2025-09-17 10:42:26 0 [Note] C:\xampp\mysql\bin\mysqld.exe: ready for connections.
Version: '10.4.32-MariaDB'  socket: ''  port: 3306  mariadb.org binary distribution
2025-09-17 12:45:06 0 [Note] Starting MariaDB 10.4.32-MariaDB source revision c4143f909528e3fab0677a28631d10389354c491 as process 4268
2025-09-17 12:45:06 0 [Note] InnoDB: Mutexes and rw_locks use Windows interlocked functions
2025-09-17 12:45:06 0 [Note] InnoDB: Uses event mutexes
2025-09-17 12:45:06 0 [Note] InnoDB: Compressed tables use zlib 1.3
2025-09-17 12:45:06 0 [Note] InnoDB: Number of pools: 1
2025-09-17 12:45:06 0 [Note] InnoDB: Using SSE2 crc32 instructions
2025-09-17 12:45:06 0 [Note] InnoDB: Initializing buffer pool, total size = 16M, instances = 1, chunk size = 16M
2025-09-17 12:45:06 0 [Note] InnoDB: Completed initialization of buffer pool
2025-09-17 12:45:06 0 [Note] InnoDB: Starting crash recovery from checkpoint LSN=978403
2025-09-17 12:45:06 0 [Note] InnoDB: 128 out of 128 rollback segments are active.
2025-09-17 12:45:06 0 [Note] InnoDB: Removed temporary tablespace data file: "ibtmp1"
2025-09-17 12:45:06 0 [Note] InnoDB: Creating shared tablespace for temporary tables
2025-09-17 12:45:06 0 [Note] InnoDB: Setting file 'C:\xampp\mysql\data\ibtmp1' size to 12 MB. Physically writing the file full; Please wait ...
2025-09-17 12:45:06 0 [Note] InnoDB: File 'C:\xampp\mysql\data\ibtmp1' size is now 12 MB.
2025-09-17 12:45:06 0 [Note] InnoDB: Waiting for purge to start
2025-09-17 12:45:06 0 [Note] InnoDB: 10.4.32 started; log sequence number 978412; transaction id 1143
2025-09-17 12:45:06 0 [Note] InnoDB: Loading buffer pool(s) from C:\xampp\mysql\data\ib_buffer_pool
2025-09-17 12:45:06 0 [Note] Plugin 'FEEDBACK' is disabled.
2025-09-17 12:45:06 0 [Note] InnoDB: Buffer pool(s) load completed at 250917 12:45:06
2025-09-17 12:45:06 0 [Note] Server socket created on IP: '::'.
2025-09-17 12:45:07 0 [Note] Reading of all Master_info entries succeeded
2025-09-17 12:45:07 0 [Note] Added new Master_info '' to hash table
2025-09-17 12:45:07 0 [Note] C:\xampp\mysql\bin\mysqld.exe: ready for connections.
Version: '10.4.32-MariaDB'  socket: ''  port: 3306  mariadb.org binary distribution
2025-09-17 14:13:23 0 [Note] C:\xampp\mysql\bin\mysqld.exe (initiated by: unknown): Normal shutdown
2025-09-17 14:13:23 0 [Note] Event Scheduler: Purging the queue. 0 events
2025-09-17 14:13:23 0 [Note] InnoDB: FTS optimize thread exiting.
2025-09-17 14:13:23 0 [Note] InnoDB: Starting shutdown...
2025-09-17 14:13:23 0 [Note] InnoDB: Dumping buffer pool(s) to C:\xampp\mysql\data\ib_buffer_pool
2025-09-17 14:13:23 0 [Note] InnoDB: Instance 0, restricted to 250 pages due to innodb_buf_pool_dump_pct=25
2025-09-17 14:13:24 0 [Note] InnoDB: Buffer pool(s) dump completed at 250917 14:13:24
2025-09-17 14:13:24 0 [Note] InnoDB: Removed temporary tablespace data file: "ibtmp1"
2025-09-17 14:13:24 0 [Note] InnoDB: Shutdown completed; log sequence number 978446; transaction id 1145
2025-09-17 14:13:24 0 [Note] C:\xampp\mysql\bin\mysqld.exe: Shutdown complete

2025-09-20  0:26:35 0 [Note] Starting MariaDB 10.4.32-MariaDB source revision c4143f909528e3fab0677a28631d10389354c491 as process 4252
2025-09-20  0:26:35 0 [Note] InnoDB: Mutexes and rw_locks use Windows interlocked functions
2025-09-20  0:26:35 0 [Note] InnoDB: Uses event mutexes
2025-09-20  0:26:35 0 [Note] InnoDB: Compressed tables use zlib 1.3
2025-09-20  0:26:35 0 [Note] InnoDB: Number of pools: 1
2025-09-20  0:26:35 0 [Note] InnoDB: Using SSE2 crc32 instructions
2025-09-20  0:26:35 0 [Note] InnoDB: Initializing buffer pool, total size = 16M, instances = 1, chunk size = 16M
2025-09-20  0:26:35 0 [Note] InnoDB: Completed initialization of buffer pool
2025-09-20  0:26:35 0 [Note] InnoDB: 128 out of 128 rollback segments are active.
2025-09-20  0:26:35 0 [Note] InnoDB: Creating shared tablespace for temporary tables
2025-09-20  0:26:35 0 [Note] InnoDB: Setting file 'C:\xampp\mysql\data\ibtmp1' size to 12 MB. Physically writing the file full; Please wait ...
2025-09-20  0:26:35 0 [Note] InnoDB: File 'C:\xampp\mysql\data\ibtmp1' size is now 12 MB.
2025-09-20  0:26:35 0 [Note] InnoDB: Waiting for purge to start
2025-09-20  0:26:35 0 [Note] InnoDB: 10.4.32 started; log sequence number 978446; transaction id 1143
2025-09-20  0:26:35 0 [Note] InnoDB: Loading buffer pool(s) from C:\xampp\mysql\data\ib_buffer_pool
2025-09-20  0:26:35 0 [Note] Plugin 'FEEDBACK' is disabled.
2025-09-20  0:26:35 0 [Note] Server socket created on IP: '::'.
2025-09-20  0:26:35 0 [Note] InnoDB: Buffer pool(s) load completed at 250920  0:26:35
2025-09-20  0:26:35 0 [Note] Reading of all Master_info entries succeeded
2025-09-20  0:26:35 0 [Note] Added new Master_info '' to hash table
2025-09-20  0:26:35 0 [Note] C:\xampp\mysql\bin\mysqld.exe: ready for connections.
Version: '10.4.32-MariaDB'  socket: ''  port: 3306  mariadb.org binary distribution
2025-09-21  9:33:30 0 [Note] Starting MariaDB 10.4.32-MariaDB source revision c4143f909528e3fab0677a28631d10389354c491 as process 4280
2025-09-21  9:33:30 0 [Note] InnoDB: Mutexes and rw_locks use Windows interlocked functions
2025-09-21  9:33:30 0 [Note] InnoDB: Uses event mutexes
2025-09-21  9:33:30 0 [Note] InnoDB: Compressed tables use zlib 1.3
2025-09-21  9:33:30 0 [Note] InnoDB: Number of pools: 1
2025-09-21  9:33:30 0 [Note] InnoDB: Using SSE2 crc32 instructions
2025-09-21  9:33:30 0 [Note] InnoDB: Initializing buffer pool, total size = 16M, instances = 1, chunk size = 16M
2025-09-21  9:33:30 0 [Note] InnoDB: Completed initialization of buffer pool
2025-09-21  9:33:30 0 [Note] InnoDB: Starting crash recovery from checkpoint LSN=978446
2025-09-21  9:33:30 0 [Note] InnoDB: 128 out of 128 rollback segments are active.
2025-09-21  9:33:30 0 [Note] InnoDB: Removed temporary tablespace data file: "ibtmp1"
2025-09-21  9:33:30 0 [Note] InnoDB: Creating shared tablespace for temporary tables
2025-09-21  9:33:30 0 [Note] InnoDB: Setting file 'C:\xampp\mysql\data\ibtmp1' size to 12 MB. Physically writing the file full; Please wait ...
2025-09-21  9:33:30 0 [Note] InnoDB: File 'C:\xampp\mysql\data\ibtmp1' size is now 12 MB.
2025-09-21  9:33:30 0 [Note] InnoDB: Waiting for purge to start
2025-09-21  9:33:30 0 [Note] InnoDB: 10.4.32 started; log sequence number 978455; transaction id 1143
2025-09-21  9:33:30 0 [Note] InnoDB: Loading buffer pool(s) from C:\xampp\mysql\data\ib_buffer_pool
2025-09-21  9:33:30 0 [Note] Plugin 'FEEDBACK' is disabled.
2025-09-21  9:33:30 0 [Note] Server socket created on IP: '::'.
2025-09-21  9:33:30 0 [Note] InnoDB: Buffer pool(s) load completed at 250921  9:33:30
2025-09-21  9:33:31 0 [Note] Reading of all Master_info entries succeeded
2025-09-21  9:33:31 0 [Note] Added new Master_info '' to hash table
2025-09-21  9:33:31 0 [Note] C:\xampp\mysql\bin\mysqld.exe: ready for connections.
Version: '10.4.32-MariaDB'  socket: ''  port: 3306  mariadb.org binary distribution
2025-09-24  7:48:23 0 [Note] C:\xampp\mysql\bin\mysqld.exe (initiated by: unknown): Normal shutdown
2025-09-24  7:48:23 0 [Note] Event Scheduler: Purging the queue. 0 events
2025-09-24  7:48:23 0 [Note] InnoDB: FTS optimize thread exiting.
2025-09-24  7:48:23 0 [Note] InnoDB: Starting shutdown...
2025-09-24  7:48:23 0 [Note] InnoDB: Dumping buffer pool(s) to C:\xampp\mysql\data\ib_buffer_pool
2025-09-24  7:48:23 0 [Note] InnoDB: Instance 0, restricted to 250 pages due to innodb_buf_pool_dump_pct=25
2025-09-24  7:48:23 0 [Note] InnoDB: Buffer pool(s) dump completed at 250924  7:48:23
2025-09-24  7:48:24 0 [Note] InnoDB: Removed temporary tablespace data file: "ibtmp1"
2025-09-24  7:48:24 0 [Note] InnoDB: Shutdown completed; log sequence number 978473; transaction id 1145
2025-09-24  7:48:24 0 [Note] C:\xampp\mysql\bin\mysqld.exe: Shutdown complete

2025-09-24  8:51:31 0 [Note] Starting MariaDB 10.4.32-MariaDB source revision c4143f909528e3fab0677a28631d10389354c491 as process 4192
2025-09-24  8:51:31 0 [Note] InnoDB: Mutexes and rw_locks use Windows interlocked functions
2025-09-24  8:51:31 0 [Note] InnoDB: Uses event mutexes
2025-09-24  8:51:31 0 [Note] InnoDB: Compressed tables use zlib 1.3
2025-09-24  8:51:31 0 [Note] InnoDB: Number of pools: 1
2025-09-24  8:51:31 0 [Note] InnoDB: Using SSE2 crc32 instructions
2025-09-24  8:51:31 0 [Note] InnoDB: Initializing buffer pool, total size = 16M, instances = 1, chunk size = 16M
2025-09-24  8:51:31 0 [Note] InnoDB: Completed initialization of buffer pool
2025-09-24  8:51:31 0 [Note] InnoDB: 128 out of 128 rollback segments are active.
2025-09-24  8:51:31 0 [Note] InnoDB: Creating shared tablespace for temporary tables
2025-09-24  8:51:31 0 [Note] InnoDB: Setting file 'C:\xampp\mysql\data\ibtmp1' size to 12 MB. Physically writing the file full; Please wait ...
2025-09-24  8:51:31 0 [Note] InnoDB: File 'C:\xampp\mysql\data\ibtmp1' size is now 12 MB.
2025-09-24  8:51:31 0 [Note] InnoDB: Waiting for purge to start
2025-09-24  8:51:31 0 [Note] InnoDB: 10.4.32 started; log sequence number 978473; transaction id 1143
2025-09-24  8:51:31 0 [Note] InnoDB: Loading buffer pool(s) from C:\xampp\mysql\data\ib_buffer_pool
2025-09-24  8:51:31 0 [Note] Plugin 'FEEDBACK' is disabled.
2025-09-24  8:51:31 0 [Note] Server socket created on IP: '::'.
2025-09-24  8:51:31 0 [Note] InnoDB: Buffer pool(s) load completed at 250924  8:51:31
2025-09-24  8:51:31 0 [Note] Reading of all Master_info entries succeeded
2025-09-24  8:51:31 0 [Note] Added new Master_info '' to hash table
2025-09-24  8:51:31 0 [Note] C:\xampp\mysql\bin\mysqld.exe: ready for connections.
Version: '10.4.32-MariaDB'  socket: ''  port: 3306  mariadb.org binary distribution
2025-09-24  9:13:30 0 [Note] C:\xampp\mysql\bin\mysqld.exe (initiated by: unknown): Normal shutdown
2025-09-24  9:13:30 0 [Note] Event Scheduler: Purging the queue. 0 events
2025-09-24  9:13:30 0 [Note] InnoDB: FTS optimize thread exiting.
2025-09-24  9:13:30 0 [Note] InnoDB: Starting shutdown...
2025-09-24  9:13:30 0 [Note] InnoDB: Dumping buffer pool(s) to C:\xampp\mysql\data\ib_buffer_pool
2025-09-24  9:13:30 0 [Note] InnoDB: Instance 0, restricted to 250 pages due to innodb_buf_pool_dump_pct=25
2025-09-24  9:13:30 0 [Note] InnoDB: Buffer pool(s) dump completed at 250924  9:13:30
2025-09-24  9:13:30 0 [Note] InnoDB: Removed temporary tablespace data file: "ibtmp1"
2025-09-24  9:13:30 0 [Note] InnoDB: Shutdown completed; log sequence number 978482; transaction id 1145
2025-09-24  9:13:30 0 [Note] C:\xampp\mysql\bin\mysqld.exe: Shutdown complete

2025-09-24  9:14:18 0 [Note] Starting MariaDB 10.4.32-MariaDB source revision c4143f909528e3fab0677a28631d10389354c491 as process 4420
2025-09-24  9:14:18 0 [Note] InnoDB: Mutexes and rw_locks use Windows interlocked functions
2025-09-24  9:14:18 0 [Note] InnoDB: Uses event mutexes
2025-09-24  9:14:18 0 [Note] InnoDB: Compressed tables use zlib 1.3
2025-09-24  9:14:19 0 [Note] InnoDB: Number of pools: 1
2025-09-24  9:14:19 0 [Note] InnoDB: Using SSE2 crc32 instructions
2025-09-24  9:14:19 0 [Note] InnoDB: Initializing buffer pool, total size = 16M, instances = 1, chunk size = 16M
2025-09-24  9:14:19 0 [Note] InnoDB: Completed initialization of buffer pool
2025-09-24  9:14:19 0 [Note] InnoDB: 128 out of 128 rollback segments are active.
2025-09-24  9:14:19 0 [Note] InnoDB: Creating shared tablespace for temporary tables
2025-09-24  9:14:19 0 [Note] InnoDB: Setting file 'C:\xampp\mysql\data\ibtmp1' size to 12 MB. Physically writing the file full; Please wait ...
2025-09-24  9:14:19 0 [Note] InnoDB: File 'C:\xampp\mysql\data\ibtmp1' size is now 12 MB.
2025-09-24  9:14:19 0 [Note] InnoDB: Waiting for purge to start
2025-09-24  9:14:19 0 [Note] InnoDB: 10.4.32 started; log sequence number 978482; transaction id 1143
2025-09-24  9:14:19 0 [Note] InnoDB: Loading buffer pool(s) from C:\xampp\mysql\data\ib_buffer_pool
2025-09-24  9:14:19 0 [Note] Plugin 'FEEDBACK' is disabled.
2025-09-24  9:14:19 0 [Note] Server socket created on IP: '::'.
2025-09-24  9:14:19 0 [Note] InnoDB: Buffer pool(s) load completed at 250924  9:14:19
2025-09-24  9:14:19 0 [Note] Reading of all Master_info entries succeeded
2025-09-24  9:14:19 0 [Note] Added new Master_info '' to hash table
2025-09-24  9:14:19 0 [Note] C:\xampp\mysql\bin\mysqld.exe: ready for connections.
Version: '10.4.32-MariaDB'  socket: ''  port: 3306  mariadb.org binary distribution
2025-09-24  9:59:55 0 [Note] C:\xampp\mysql\bin\mysqld.exe (initiated by: unknown): Normal shutdown
2025-09-24  9:59:55 0 [Note] Event Scheduler: Purging the queue. 0 events
2025-09-24  9:59:55 0 [Note] InnoDB: FTS optimize thread exiting.
2025-09-24  9:59:55 0 [Note] InnoDB: Starting shutdown...
2025-09-24  9:59:55 0 [Note] InnoDB: Dumping buffer pool(s) to C:\xampp\mysql\data\ib_buffer_pool
2025-09-24  9:59:55 0 [Note] InnoDB: Instance 0, restricted to 250 pages due to innodb_buf_pool_dump_pct=25
2025-09-24  9:59:55 0 [Note] InnoDB: Buffer pool(s) dump completed at 250924  9:59:55
2025-09-24  9:59:56 0 [Note] InnoDB: Removed temporary tablespace data file: "ibtmp1"
2025-09-24  9:59:56 0 [Note] InnoDB: Shutdown completed; log sequence number 978792; transaction id 1166
2025-09-24  9:59:56 0 [Note] C:\xampp\mysql\bin\mysqld.exe: Shutdown complete

2025-09-24 10:00:02 0 [Note] Starting MariaDB 10.4.32-MariaDB source revision c4143f909528e3fab0677a28631d10389354c491 as process 9972
2025-09-24 10:00:02 0 [Note] InnoDB: Mutexes and rw_locks use Windows interlocked functions
2025-09-24 10:00:02 0 [Note] InnoDB: Uses event mutexes
2025-09-24 10:00:02 0 [Note] InnoDB: Compressed tables use zlib 1.3
2025-09-24 10:00:02 0 [Note] InnoDB: Number of pools: 1
2025-09-24 10:00:02 0 [Note] InnoDB: Using SSE2 crc32 instructions
2025-09-24 10:00:02 0 [Note] InnoDB: Initializing buffer pool, total size = 16M, instances = 1, chunk size = 16M
2025-09-24 10:00:02 0 [Note] InnoDB: Completed initialization of buffer pool
2025-09-24 10:00:03 0 [Note] InnoDB: 128 out of 128 rollback segments are active.
2025-09-24 10:00:03 0 [Note] InnoDB: Creating shared tablespace for temporary tables
2025-09-24 10:00:03 0 [Note] InnoDB: Setting file 'C:\xampp\mysql\data\ibtmp1' size to 12 MB. Physically writing the file full; Please wait ...
2025-09-24 10:00:03 0 [Note] InnoDB: File 'C:\xampp\mysql\data\ibtmp1' size is now 12 MB.
2025-09-24 10:00:03 0 [Note] InnoDB: Waiting for purge to start
2025-09-24 10:00:03 0 [Note] InnoDB: 10.4.32 started; log sequence number 978792; transaction id 1166
2025-09-24 10:00:03 0 [Note] InnoDB: Loading buffer pool(s) from C:\xampp\mysql\data\ib_buffer_pool
2025-09-24 10:00:03 0 [Note] Plugin 'FEEDBACK' is disabled.
2025-09-24 10:00:03 0 [Note] InnoDB: Buffer pool(s) load completed at 250924 10:00:03
2025-09-24 10:00:03 0 [Note] Server socket created on IP: '::'.
2025-09-24 10:00:04 0 [Note] Reading of all Master_info entries succeeded
2025-09-24 10:00:04 0 [Note] Added new Master_info '' to hash table
2025-09-24 10:00:04 0 [Note] C:\xampp\mysql\bin\mysqld.exe: ready for connections.
Version: '10.4.32-MariaDB'  socket: ''  port: 3306  mariadb.org binary distribution
2025-09-24 13:59:26 0 [Note] C:\xampp\mysql\bin\mysqld.exe (initiated by: unknown): Normal shutdown
2025-09-24 13:59:26 0 [Note] Event Scheduler: Purging the queue. 0 events
2025-09-24 13:59:26 0 [Note] InnoDB: FTS optimize thread exiting.
2025-09-24 13:59:26 0 [Note] InnoDB: Starting shutdown...
2025-09-24 13:59:26 0 [Note] InnoDB: Dumping buffer pool(s) to C:\xampp\mysql\data\ib_buffer_pool
2025-09-24 13:59:26 0 [Note] InnoDB: Instance 0, restricted to 250 pages due to innodb_buf_pool_dump_pct=25
2025-09-24 13:59:26 0 [Note] InnoDB: Buffer pool(s) dump completed at 250924 13:59:26
2025-09-24 13:59:27 0 [Note] InnoDB: Removed temporary tablespace data file: "ibtmp1"
2025-09-24 13:59:27 0 [Note] InnoDB: Shutdown completed; log sequence number 979800; transaction id 1192
2025-09-24 13:59:27 0 [Note] C:\xampp\mysql\bin\mysqld.exe: Shutdown complete

2025-09-25  9:03:43 0 [Note] Starting MariaDB 10.4.32-MariaDB source revision c4143f909528e3fab0677a28631d10389354c491 as process 4200
2025-09-25  9:03:43 0 [Note] InnoDB: Mutexes and rw_locks use Windows interlocked functions
2025-09-25  9:03:43 0 [Note] InnoDB: Uses event mutexes
2025-09-25  9:03:43 0 [Note] InnoDB: Compressed tables use zlib 1.3
2025-09-25  9:03:43 0 [Note] InnoDB: Number of pools: 1
2025-09-25  9:03:43 0 [Note] InnoDB: Using SSE2 crc32 instructions
2025-09-25  9:03:43 0 [Note] InnoDB: Initializing buffer pool, total size = 16M, instances = 1, chunk size = 16M
2025-09-25  9:03:43 0 [Note] InnoDB: Completed initialization of buffer pool
2025-09-25  9:03:43 0 [Note] InnoDB: 128 out of 128 rollback segments are active.
2025-09-25  9:03:43 0 [Note] InnoDB: Creating shared tablespace for temporary tables
2025-09-25  9:03:43 0 [Note] InnoDB: Setting file 'C:\xampp\mysql\data\ibtmp1' size to 12 MB. Physically writing the file full; Please wait ...
2025-09-25  9:03:43 0 [Note] InnoDB: File 'C:\xampp\mysql\data\ibtmp1' size is now 12 MB.
2025-09-25  9:03:43 0 [Note] InnoDB: Waiting for purge to start
2025-09-25  9:03:43 0 [Note] InnoDB: 10.4.32 started; log sequence number 979800; transaction id 1193
2025-09-25  9:03:43 0 [Note] InnoDB: Loading buffer pool(s) from C:\xampp\mysql\data\ib_buffer_pool
2025-09-25  9:03:44 0 [Note] Plugin 'FEEDBACK' is disabled.
2025-09-25  9:03:44 0 [Note] Server socket created on IP: '::'.
2025-09-25  9:03:44 0 [Note] InnoDB: Buffer pool(s) load completed at 250925  9:03:44
2025-09-25  9:03:44 0 [Note] Reading of all Master_info entries succeeded
2025-09-25  9:03:44 0 [Note] Added new Master_info '' to hash table
2025-09-25  9:03:44 0 [Note] C:\xampp\mysql\bin\mysqld.exe: ready for connections.
Version: '10.4.32-MariaDB'  socket: ''  port: 3306  mariadb.org binary distribution
2025-09-25 14:03:01 0 [Note] C:\xampp\mysql\bin\mysqld.exe (initiated by: unknown): Normal shutdown
2025-09-25 14:03:01 0 [Note] Event Scheduler: Purging the queue. 0 events
2025-09-25 14:03:01 0 [Note] InnoDB: FTS optimize thread exiting.
2025-09-25 14:03:01 0 [Note] InnoDB: Starting shutdown...
2025-09-25 14:03:01 0 [Note] InnoDB: Dumping buffer pool(s) to C:\xampp\mysql\data\ib_buffer_pool
2025-09-25 14:03:01 0 [Note] InnoDB: Instance 0, restricted to 250 pages due to innodb_buf_pool_dump_pct=25
2025-09-25 14:03:01 0 [Note] InnoDB: Buffer pool(s) dump completed at 250925 14:03:01
2025-09-25 14:03:02 0 [Note] InnoDB: Removed temporary tablespace data file: "ibtmp1"
2025-09-25 14:03:02 0 [Note] InnoDB: Shutdown completed; log sequence number 979809; transaction id 1195
2025-09-25 14:03:02 0 [Note] C:\xampp\mysql\bin\mysqld.exe: Shutdown complete

2025-09-28 22:21:46 0 [Note] Starting MariaDB 10.4.32-MariaDB source revision c4143f909528e3fab0677a28631d10389354c491 as process 4228
2025-09-28 22:21:46 0 [Note] InnoDB: Mutexes and rw_locks use Windows interlocked functions
2025-09-28 22:21:46 0 [Note] InnoDB: Uses event mutexes
2025-09-28 22:21:46 0 [Note] InnoDB: Compressed tables use zlib 1.3
2025-09-28 22:21:46 0 [Note] InnoDB: Number of pools: 1
2025-09-28 22:21:46 0 [Note] InnoDB: Using SSE2 crc32 instructions
2025-09-28 22:21:46 0 [Note] InnoDB: Initializing buffer pool, total size = 16M, instances = 1, chunk size = 16M
2025-09-28 22:21:46 0 [Note] InnoDB: Completed initialization of buffer pool
2025-09-28 22:21:46 0 [Note] InnoDB: 128 out of 128 rollback segments are active.
2025-09-28 22:21:47 0 [Note] InnoDB: Creating shared tablespace for temporary tables
2025-09-28 22:21:47 0 [Note] InnoDB: Setting file 'C:\xampp\mysql\data\ibtmp1' size to 12 MB. Physically writing the file full; Please wait ...
2025-09-28 22:21:47 0 [Note] InnoDB: File 'C:\xampp\mysql\data\ibtmp1' size is now 12 MB.
2025-09-28 22:21:47 0 [Note] InnoDB: Waiting for purge to start
2025-09-28 22:21:47 0 [Note] InnoDB: 10.4.32 started; log sequence number 979809; transaction id 1193
2025-09-28 22:21:47 0 [Note] InnoDB: Loading buffer pool(s) from C:\xampp\mysql\data\ib_buffer_pool
2025-09-28 22:21:47 0 [Note] Plugin 'FEEDBACK' is disabled.
2025-09-28 22:21:47 0 [Note] Server socket created on IP: '::'.
2025-09-28 22:21:47 0 [Note] InnoDB: Buffer pool(s) load completed at 250928 22:21:47
2025-09-28 22:21:47 0 [Note] Reading of all Master_info entries succeeded
2025-09-28 22:21:47 0 [Note] Added new Master_info '' to hash table
2025-09-28 22:21:47 0 [Note] C:\xampp\mysql\bin\mysqld.exe: ready for connections.
Version: '10.4.32-MariaDB'  socket: ''  port: 3306  mariadb.org binary distribution
2025-09-28 23:36:10 171 [Warning] Access denied for user ''@'localhost' (using password: NO)
2025-09-29  7:21:35 0 [Note] C:\xampp\mysql\bin\mysqld.exe (initiated by: unknown): Normal shutdown
2025-09-29  7:21:35 0 [Note] Event Scheduler: Purging the queue. 0 events
2025-09-29  7:21:35 0 [Note] InnoDB: FTS optimize thread exiting.
2025-09-29  7:21:35 0 [Note] InnoDB: Starting shutdown...
2025-09-29  7:21:35 0 [Note] InnoDB: Dumping buffer pool(s) to C:\xampp\mysql\data\ib_buffer_pool
2025-09-29  7:21:35 0 [Note] InnoDB: Instance 0, restricted to 250 pages due to innodb_buf_pool_dump_pct=25
2025-09-29  7:21:36 0 [Note] InnoDB: Buffer pool(s) dump completed at 250929  7:21:36
2025-09-29  7:21:36 0 [Note] InnoDB: Removed temporary tablespace data file: "ibtmp1"
2025-09-29  7:21:36 0 [Note] InnoDB: Shutdown completed; log sequence number 983272; transaction id 1208
2025-09-29  7:21:36 0 [Note] C:\xampp\mysql\bin\mysqld.exe: Shutdown complete

2025-09-29  8:17:40 0 [Note] Starting MariaDB 10.4.32-MariaDB source revision c4143f909528e3fab0677a28631d10389354c491 as process 4244
2025-09-29  8:17:40 0 [Note] InnoDB: Mutexes and rw_locks use Windows interlocked functions
2025-09-29  8:17:40 0 [Note] InnoDB: Uses event mutexes
2025-09-29  8:17:40 0 [Note] InnoDB: Compressed tables use zlib 1.3
2025-09-29  8:17:40 0 [Note] InnoDB: Number of pools: 1
2025-09-29  8:17:41 0 [Note] InnoDB: Using SSE2 crc32 instructions
2025-09-29  8:17:41 0 [Note] InnoDB: Initializing buffer pool, total size = 16M, instances = 1, chunk size = 16M
2025-09-29  8:17:41 0 [Note] InnoDB: Completed initialization of buffer pool
2025-09-29  8:17:41 0 [Note] InnoDB: 128 out of 128 rollback segments are active.
2025-09-29  8:17:41 0 [Note] InnoDB: Creating shared tablespace for temporary tables
2025-09-29  8:17:41 0 [Note] InnoDB: Setting file 'C:\xampp\mysql\data\ibtmp1' size to 12 MB. Physically writing the file full; Please wait ...
2025-09-29  8:17:41 0 [Note] InnoDB: File 'C:\xampp\mysql\data\ibtmp1' size is now 12 MB.
2025-09-29  8:17:41 0 [Note] InnoDB: Waiting for purge to start
2025-09-29  8:17:41 0 [Note] InnoDB: 10.4.32 started; log sequence number 983272; transaction id 1209
2025-09-29  8:17:41 0 [Note] InnoDB: Loading buffer pool(s) from C:\xampp\mysql\data\ib_buffer_pool
2025-09-29  8:17:41 0 [Note] Plugin 'FEEDBACK' is disabled.
2025-09-29  8:17:42 0 [Note] Server socket created on IP: '::'.
2025-09-29  8:17:42 0 [Note] InnoDB: Buffer pool(s) load completed at 250929  8:17:42
2025-09-29  8:17:42 0 [Note] Reading of all Master_info entries succeeded
2025-09-29  8:17:42 0 [Note] Added new Master_info '' to hash table
2025-09-29  8:17:42 0 [Note] C:\xampp\mysql\bin\mysqld.exe: ready for connections.
Version: '10.4.32-MariaDB'  socket: ''  port: 3306  mariadb.org binary distribution
2025-09-29 13:54:13 0 [Note] C:\xampp\mysql\bin\mysqld.exe (initiated by: unknown): Normal shutdown
2025-09-29 13:54:13 0 [Note] Event Scheduler: Purging the queue. 0 events
2025-09-29 13:54:13 0 [Note] InnoDB: FTS optimize thread exiting.
2025-09-29 13:54:13 0 [Note] InnoDB: Starting shutdown...
2025-09-29 13:54:13 0 [Note] InnoDB: Dumping buffer pool(s) to C:\xampp\mysql\data\ib_buffer_pool
2025-09-29 13:54:13 0 [Note] InnoDB: Instance 0, restricted to 250 pages due to innodb_buf_pool_dump_pct=25
2025-09-29 13:54:13 0 [Note] InnoDB: Buffer pool(s) dump completed at 250929 13:54:13
2025-09-29 13:54:14 0 [Note] InnoDB: Removed temporary tablespace data file: "ibtmp1"
2025-09-29 13:54:14 0 [Note] InnoDB: Shutdown completed; log sequence number 989433; transaction id 1253
2025-09-29 13:54:14 0 [Note] C:\xampp\mysql\bin\mysqld.exe: Shutdown complete

2025-09-30  8:15:53 0 [Note] Starting MariaDB 10.4.32-MariaDB source revision c4143f909528e3fab0677a28631d10389354c491 as process 4280
2025-09-30  8:15:53 0 [Note] InnoDB: Mutexes and rw_locks use Windows interlocked functions
2025-09-30  8:15:53 0 [Note] InnoDB: Uses event mutexes
2025-09-30  8:15:53 0 [Note] InnoDB: Compressed tables use zlib 1.3
2025-09-30  8:15:53 0 [Note] InnoDB: Number of pools: 1
2025-09-30  8:15:53 0 [Note] InnoDB: Using SSE2 crc32 instructions
2025-09-30  8:15:53 0 [Note] InnoDB: Initializing buffer pool, total size = 16M, instances = 1, chunk size = 16M
2025-09-30  8:15:53 0 [Note] InnoDB: Completed initialization of buffer pool
2025-09-30  8:15:53 0 [Note] InnoDB: 128 out of 128 rollback segments are active.
2025-09-30  8:15:53 0 [Note] InnoDB: Creating shared tablespace for temporary tables
2025-09-30  8:15:53 0 [Note] InnoDB: Setting file 'C:\xampp\mysql\data\ibtmp1' size to 12 MB. Physically writing the file full; Please wait ...
2025-09-30  8:15:53 0 [Note] InnoDB: File 'C:\xampp\mysql\data\ibtmp1' size is now 12 MB.
2025-09-30  8:15:53 0 [Note] InnoDB: Waiting for purge to start
2025-09-30  8:15:53 0 [Note] InnoDB: 10.4.32 started; log sequence number 989433; transaction id 1254
2025-09-30  8:15:53 0 [Note] InnoDB: Loading buffer pool(s) from C:\xampp\mysql\data\ib_buffer_pool
2025-09-30  8:15:53 0 [Note] Plugin 'FEEDBACK' is disabled.
2025-09-30  8:15:53 0 [Note] Server socket created on IP: '::'.
2025-09-30  8:15:54 0 [Note] InnoDB: Buffer pool(s) load completed at 250930  8:15:54
2025-09-30  8:15:54 0 [Note] Reading of all Master_info entries succeeded
2025-09-30  8:15:54 0 [Note] Added new Master_info '' to hash table
2025-09-30  8:15:54 0 [Note] C:\xampp\mysql\bin\mysqld.exe: ready for connections.
Version: '10.4.32-MariaDB'  socket: ''  port: 3306  mariadb.org binary distribution
2025-09-30 14:16:55 0 [Note] C:\xampp\mysql\bin\mysqld.exe (initiated by: unknown): Normal shutdown
2025-09-30 14:16:55 0 [Note] Event Scheduler: Purging the queue. 0 events
2025-09-30 14:16:55 0 [Note] InnoDB: FTS optimize thread exiting.
2025-09-30 14:16:55 0 [Note] InnoDB: Starting shutdown...
2025-09-30 14:16:55 0 [Note] InnoDB: Dumping buffer pool(s) to C:\xampp\mysql\data\ib_buffer_pool
2025-09-30 14:16:55 0 [Note] InnoDB: Instance 0, restricted to 250 pages due to innodb_buf_pool_dump_pct=25
2025-09-30 14:16:55 0 [Note] InnoDB: Buffer pool(s) dump completed at 250930 14:16:55
2025-09-30 14:16:56 0 [Note] InnoDB: Removed temporary tablespace data file: "ibtmp1"
2025-09-30 14:16:56 0 [Note] InnoDB: Shutdown completed; log sequence number 1005762; transaction id 1297
2025-09-30 14:16:56 0 [Note] C:\xampp\mysql\bin\mysqld.exe: Shutdown complete

2025-10-06  9:51:07 0 [Note] Starting MariaDB 10.4.32-MariaDB source revision c4143f909528e3fab0677a28631d10389354c491 as process 4200
2025-10-06  9:51:08 0 [Note] InnoDB: Mutexes and rw_locks use Windows interlocked functions
2025-10-06  9:51:08 0 [Note] InnoDB: Uses event mutexes
2025-10-06  9:51:08 0 [Note] InnoDB: Compressed tables use zlib 1.3
2025-10-06  9:51:08 0 [Note] InnoDB: Number of pools: 1
2025-10-06  9:51:08 0 [Note] InnoDB: Using SSE2 crc32 instructions
2025-10-06  9:51:08 0 [Note] InnoDB: Initializing buffer pool, total size = 16M, instances = 1, chunk size = 16M
2025-10-06  9:51:08 0 [Note] InnoDB: Completed initialization of buffer pool
2025-10-06  9:51:08 0 [Note] InnoDB: 128 out of 128 rollback segments are active.
2025-10-06  9:51:08 0 [Note] InnoDB: Creating shared tablespace for temporary tables
2025-10-06  9:51:08 0 [Note] InnoDB: Setting file 'C:\xampp\mysql\data\ibtmp1' size to 12 MB. Physically writing the file full; Please wait ...
2025-10-06  9:51:08 0 [Note] InnoDB: File 'C:\xampp\mysql\data\ibtmp1' size is now 12 MB.
2025-10-06  9:51:08 0 [Note] InnoDB: Waiting for purge to start
2025-10-06  9:51:08 0 [Note] InnoDB: 10.4.32 started; log sequence number 1005762; transaction id 1298
2025-10-06  9:51:08 0 [Note] InnoDB: Loading buffer pool(s) from C:\xampp\mysql\data\ib_buffer_pool
2025-10-06  9:51:08 0 [Note] Plugin 'FEEDBACK' is disabled.
2025-10-06  9:51:09 0 [Note] Server socket created on IP: '::'.
2025-10-06  9:51:09 0 [Note] InnoDB: Buffer pool(s) load completed at 251006  9:51:09
2025-10-06  9:51:09 0 [Note] Reading of all Master_info entries succeeded
2025-10-06  9:51:09 0 [Note] Added new Master_info '' to hash table
2025-10-06  9:51:09 0 [Note] C:\xampp\mysql\bin\mysqld.exe: ready for connections.
Version: '10.4.32-MariaDB'  socket: ''  port: 3306  mariadb.org binary distribution
2025-10-06 13:23:50 0 [Note] C:\xampp\mysql\bin\mysqld.exe (initiated by: unknown): Normal shutdown
2025-10-06 13:23:51 0 [Note] Event Scheduler: Purging the queue. 0 events
2025-10-06 13:23:51 0 [Note] InnoDB: FTS optimize thread exiting.
2025-10-06 13:23:51 0 [Note] InnoDB: Starting shutdown...
2025-10-06 13:23:51 0 [Note] InnoDB: Dumping buffer pool(s) to C:\xampp\mysql\data\ib_buffer_pool
2025-10-06 13:23:51 0 [Note] InnoDB: Instance 0, restricted to 250 pages due to innodb_buf_pool_dump_pct=25
2025-10-06 13:23:51 0 [Note] InnoDB: Buffer pool(s) dump completed at 251006 13:23:51
2025-10-06 13:23:52 0 [Note] InnoDB: Removed temporary tablespace data file: "ibtmp1"
2025-10-06 13:23:52 0 [Note] InnoDB: Shutdown completed; log sequence number 1009022; transaction id 1312
2025-10-06 13:23:52 0 [Note] C:\xampp\mysql\bin\mysqld.exe: Shutdown complete

2025-10-06 13:25:48 0 [Note] Starting MariaDB 10.4.32-MariaDB source revision c4143f909528e3fab0677a28631d10389354c491 as process 4156
2025-10-06 13:25:48 0 [Note] InnoDB: Mutexes and rw_locks use Windows interlocked functions
2025-10-06 13:25:48 0 [Note] InnoDB: Uses event mutexes
2025-10-06 13:25:48 0 [Note] InnoDB: Compressed tables use zlib 1.3
2025-10-06 13:25:48 0 [Note] InnoDB: Number of pools: 1
2025-10-06 13:25:48 0 [Note] InnoDB: Using SSE2 crc32 instructions
2025-10-06 13:25:48 0 [Note] InnoDB: Initializing buffer pool, total size = 16M, instances = 1, chunk size = 16M
2025-10-06 13:25:48 0 [Note] InnoDB: Completed initialization of buffer pool
2025-10-06 13:25:48 0 [Note] InnoDB: 128 out of 128 rollback segments are active.
2025-10-06 13:25:48 0 [Note] InnoDB: Creating shared tablespace for temporary tables
2025-10-06 13:25:48 0 [Note] InnoDB: Setting file 'C:\xampp\mysql\data\ibtmp1' size to 12 MB. Physically writing the file full; Please wait ...
2025-10-06 13:25:48 0 [Note] InnoDB: File 'C:\xampp\mysql\data\ibtmp1' size is now 12 MB.
2025-10-06 13:25:48 0 [Note] InnoDB: Waiting for purge to start
2025-10-06 13:25:48 0 [Note] InnoDB: 10.4.32 started; log sequence number 1009022; transaction id 1313
2025-10-06 13:25:48 0 [Note] InnoDB: Loading buffer pool(s) from C:\xampp\mysql\data\ib_buffer_pool
2025-10-06 13:25:48 0 [Note] Plugin 'FEEDBACK' is disabled.
2025-10-06 13:25:48 0 [Note] Server socket created on IP: '::'.
2025-10-06 13:25:48 0 [Note] InnoDB: Buffer pool(s) load completed at 251006 13:25:48
2025-10-06 13:25:48 0 [Note] Reading of all Master_info entries succeeded
2025-10-06 13:25:48 0 [Note] Added new Master_info '' to hash table
2025-10-06 13:25:48 0 [Note] C:\xampp\mysql\bin\mysqld.exe: ready for connections.
Version: '10.4.32-MariaDB'  socket: ''  port: 3306  mariadb.org binary distribution
2025-10-06 13:33:09 0 [Note] C:\xampp\mysql\bin\mysqld.exe (initiated by: unknown): Normal shutdown
2025-10-06 13:33:09 0 [Note] Event Scheduler: Purging the queue. 0 events
2025-10-06 13:33:09 0 [Note] InnoDB: FTS optimize thread exiting.
2025-10-06 13:33:09 0 [Note] InnoDB: Starting shutdown...
2025-10-06 13:33:09 0 [Note] InnoDB: Dumping buffer pool(s) to C:\xampp\mysql\data\ib_buffer_pool
2025-10-06 13:33:09 0 [Note] InnoDB: Instance 0, restricted to 250 pages due to innodb_buf_pool_dump_pct=25
2025-10-06 13:33:09 0 [Note] InnoDB: Buffer pool(s) dump completed at 251006 13:33:09
2025-10-06 13:33:10 0 [Note] InnoDB: Removed temporary tablespace data file: "ibtmp1"
2025-10-06 13:33:10 0 [Note] InnoDB: Shutdown completed; log sequence number 1009031; transaction id 1314
2025-10-06 13:33:10 0 [Note] C:\xampp\mysql\bin\mysqld.exe: Shutdown complete

2025-10-06 13:34:06 0 [Note] Starting MariaDB 10.4.32-MariaDB source revision c4143f909528e3fab0677a28631d10389354c491 as process 4380
2025-10-06 13:34:06 0 [Note] InnoDB: Mutexes and rw_locks use Windows interlocked functions
2025-10-06 13:34:06 0 [Note] InnoDB: Uses event mutexes
2025-10-06 13:34:06 0 [Note] InnoDB: Compressed tables use zlib 1.3
2025-10-06 13:34:06 0 [Note] InnoDB: Number of pools: 1
2025-10-06 13:34:06 0 [Note] InnoDB: Using SSE2 crc32 instructions
2025-10-06 13:34:06 0 [Note] InnoDB: Initializing buffer pool, total size = 16M, instances = 1, chunk size = 16M
2025-10-06 13:34:06 0 [Note] InnoDB: Completed initialization of buffer pool
2025-10-06 13:34:06 0 [Note] InnoDB: 128 out of 128 rollback segments are active.
2025-10-06 13:34:06 0 [Note] InnoDB: Creating shared tablespace for temporary tables
2025-10-06 13:34:06 0 [Note] InnoDB: Setting file 'C:\xampp\mysql\data\ibtmp1' size to 12 MB. Physically writing the file full; Please wait ...
2025-10-06 13:34:06 0 [Note] InnoDB: File 'C:\xampp\mysql\data\ibtmp1' size is now 12 MB.
2025-10-06 13:34:06 0 [Note] InnoDB: Waiting for purge to start
2025-10-06 13:34:06 0 [Note] InnoDB: 10.4.32 started; log sequence number 1009031; transaction id 1313
2025-10-06 13:34:06 0 [Note] InnoDB: Loading buffer pool(s) from C:\xampp\mysql\data\ib_buffer_pool
2025-10-06 13:34:06 0 [Note] Plugin 'FEEDBACK' is disabled.
2025-10-06 13:34:06 0 [Note] Server socket created on IP: '::'.
2025-10-06 13:34:06 0 [Note] InnoDB: Buffer pool(s) load completed at 251006 13:34:06
2025-10-06 13:34:06 0 [Note] Reading of all Master_info entries succeeded
2025-10-06 13:34:06 0 [Note] Added new Master_info '' to hash table
2025-10-06 13:34:06 0 [Note] C:\xampp\mysql\bin\mysqld.exe: ready for connections.
Version: '10.4.32-MariaDB'  socket: ''  port: 3306  mariadb.org binary distribution
2025-10-06 14:05:36 0 [Note] C:\xampp\mysql\bin\mysqld.exe (initiated by: unknown): Normal shutdown
2025-10-06 14:05:36 0 [Note] InnoDB: FTS optimize thread exiting.
2025-10-06 14:05:36 0 [Note] Event Scheduler: Purging the queue. 0 events
2025-10-06 14:05:37 0 [Note] InnoDB: Starting shutdown...
2025-10-06 14:05:37 0 [Note] InnoDB: Dumping buffer pool(s) to C:\xampp\mysql\data\ib_buffer_pool
2025-10-06 14:05:37 0 [Note] InnoDB: Instance 0, restricted to 250 pages due to innodb_buf_pool_dump_pct=25
2025-10-06 14:05:37 0 [Note] InnoDB: Buffer pool(s) dump completed at 251006 14:05:37
2025-10-06 14:05:37 0 [Note] InnoDB: Removed temporary tablespace data file: "ibtmp1"
2025-10-06 14:05:37 0 [Note] InnoDB: Shutdown completed; log sequence number 1010350; transaction id 1322
2025-10-06 14:05:37 0 [Note] C:\xampp\mysql\bin\mysqld.exe: Shutdown complete

2025-10-07 12:24:44 0 [Note] Starting MariaDB 10.4.32-MariaDB source revision c4143f909528e3fab0677a28631d10389354c491 as process 4308
2025-10-07 12:24:44 0 [Note] InnoDB: Mutexes and rw_locks use Windows interlocked functions
2025-10-07 12:24:44 0 [Note] InnoDB: Uses event mutexes
2025-10-07 12:24:44 0 [Note] InnoDB: Compressed tables use zlib 1.3
2025-10-07 12:24:44 0 [Note] InnoDB: Number of pools: 1
2025-10-07 12:24:44 0 [Note] InnoDB: Using SSE2 crc32 instructions
2025-10-07 12:24:44 0 [Note] InnoDB: Initializing buffer pool, total size = 16M, instances = 1, chunk size = 16M
2025-10-07 12:24:44 0 [Note] InnoDB: Completed initialization of buffer pool
2025-10-07 12:24:44 0 [Note] InnoDB: 128 out of 128 rollback segments are active.
2025-10-07 12:24:44 0 [Note] InnoDB: Creating shared tablespace for temporary tables
2025-10-07 12:24:44 0 [Note] InnoDB: Setting file 'C:\xampp\mysql\data\ibtmp1' size to 12 MB. Physically writing the file full; Please wait ...
2025-10-07 12:24:44 0 [Note] InnoDB: File 'C:\xampp\mysql\data\ibtmp1' size is now 12 MB.
2025-10-07 12:24:44 0 [Note] InnoDB: Waiting for purge to start
2025-10-07 12:24:44 0 [Note] InnoDB: 10.4.32 started; log sequence number 1010350; transaction id 1323
2025-10-07 12:24:44 0 [Note] InnoDB: Loading buffer pool(s) from C:\xampp\mysql\data\ib_buffer_pool
2025-10-07 12:24:44 0 [Note] Plugin 'FEEDBACK' is disabled.
2025-10-07 12:24:44 0 [Note] Server socket created on IP: '::'.
2025-10-07 12:24:44 0 [Note] InnoDB: Buffer pool(s) load completed at 251007 12:24:44
2025-10-07 12:24:44 0 [Note] Reading of all Master_info entries succeeded
2025-10-07 12:24:44 0 [Note] Added new Master_info '' to hash table
2025-10-07 12:24:44 0 [Note] C:\xampp\mysql\bin\mysqld.exe: ready for connections.
Version: '10.4.32-MariaDB'  socket: ''  port: 3306  mariadb.org binary distribution
2025-10-07 23:27:52 0 [Note] C:\xampp\mysql\bin\mysqld.exe (initiated by: unknown): Normal shutdown
2025-10-07 23:27:52 0 [Note] Event Scheduler: Purging the queue. 0 events
2025-10-07 23:27:52 0 [Note] InnoDB: FTS optimize thread exiting.
2025-10-07 23:27:52 0 [Note] InnoDB: Starting shutdown...
2025-10-07 23:27:52 0 [Note] InnoDB: Dumping buffer pool(s) to C:\xampp\mysql\data\ib_buffer_pool
2025-10-07 23:27:52 0 [Note] InnoDB: Instance 0, restricted to 250 pages due to innodb_buf_pool_dump_pct=25
2025-10-07 23:27:52 0 [Note] InnoDB: Buffer pool(s) dump completed at 251007 23:27:52
2025-10-07 23:27:54 0 [Note] InnoDB: Removed temporary tablespace data file: "ibtmp1"
2025-10-07 23:27:54 0 [Note] InnoDB: Shutdown completed; log sequence number 1010359; transaction id 1325
2025-10-07 23:27:54 0 [Note] C:\xampp\mysql\bin\mysqld.exe: Shutdown complete

2025-10-08  8:33:37 0 [Note] Starting MariaDB 10.4.32-MariaDB source revision c4143f909528e3fab0677a28631d10389354c491 as process 4276
2025-10-08  8:33:37 0 [Note] InnoDB: Mutexes and rw_locks use Windows interlocked functions
2025-10-08  8:33:37 0 [Note] InnoDB: Uses event mutexes
2025-10-08  8:33:37 0 [Note] InnoDB: Compressed tables use zlib 1.3
2025-10-08  8:33:37 0 [Note] InnoDB: Number of pools: 1
2025-10-08  8:33:37 0 [Note] InnoDB: Using SSE2 crc32 instructions
2025-10-08  8:33:37 0 [Note] InnoDB: Initializing buffer pool, total size = 16M, instances = 1, chunk size = 16M
2025-10-08  8:33:37 0 [Note] InnoDB: Completed initialization of buffer pool
2025-10-08  8:33:37 0 [Note] InnoDB: 128 out of 128 rollback segments are active.
2025-10-08  8:33:37 0 [Note] InnoDB: Creating shared tablespace for temporary tables
2025-10-08  8:33:37 0 [Note] InnoDB: Setting file 'C:\xampp\mysql\data\ibtmp1' size to 12 MB. Physically writing the file full; Please wait ...
2025-10-08  8:33:37 0 [Note] InnoDB: File 'C:\xampp\mysql\data\ibtmp1' size is now 12 MB.
2025-10-08  8:33:37 0 [Note] InnoDB: Waiting for purge to start
2025-10-08  8:33:37 0 [Note] InnoDB: 10.4.32 started; log sequence number 1010359; transaction id 1323
2025-10-08  8:33:37 0 [Note] InnoDB: Loading buffer pool(s) from C:\xampp\mysql\data\ib_buffer_pool
2025-10-08  8:33:37 0 [Note] Plugin 'FEEDBACK' is disabled.
2025-10-08  8:33:37 0 [Note] Server socket created on IP: '::'.
2025-10-08  8:33:37 0 [Note] InnoDB: Buffer pool(s) load completed at 251008  8:33:37
2025-10-08  8:33:38 0 [Note] Reading of all Master_info entries succeeded
2025-10-08  8:33:38 0 [Note] Added new Master_info '' to hash table
2025-10-08  8:33:38 0 [Note] C:\xampp\mysql\bin\mysqld.exe: ready for connections.
Version: '10.4.32-MariaDB'  socket: ''  port: 3306  mariadb.org binary distribution
2025-10-08  9:14:57 0 [Note] C:\xampp\mysql\bin\mysqld.exe (initiated by: unknown): Normal shutdown
2025-10-08  9:14:58 0 [Note] Event Scheduler: Purging the queue. 0 events
2025-10-08  9:14:58 0 [Note] InnoDB: FTS optimize thread exiting.
2025-10-08  9:14:58 0 [Note] InnoDB: Starting shutdown...
2025-10-08  9:14:58 0 [Note] InnoDB: Dumping buffer pool(s) to C:\xampp\mysql\data\ib_buffer_pool
2025-10-08  9:14:58 0 [Note] InnoDB: Instance 0, restricted to 250 pages due to innodb_buf_pool_dump_pct=25
2025-10-08  9:14:58 0 [Note] InnoDB: Buffer pool(s) dump completed at 251008  9:14:58
2025-10-08  9:14:58 0 [Note] InnoDB: Removed temporary tablespace data file: "ibtmp1"
2025-10-08  9:14:58 0 [Note] InnoDB: Shutdown completed; log sequence number 1010368; transaction id 1325
2025-10-08  9:14:58 0 [Note] C:\xampp\mysql\bin\mysqld.exe: Shutdown complete

2025-10-08 10:11:43 0 [Note] Starting MariaDB 10.4.32-MariaDB source revision c4143f909528e3fab0677a28631d10389354c491 as process 4204
2025-10-08 10:11:43 0 [Note] InnoDB: Mutexes and rw_locks use Windows interlocked functions
2025-10-08 10:11:43 0 [Note] InnoDB: Uses event mutexes
2025-10-08 10:11:43 0 [Note] InnoDB: Compressed tables use zlib 1.3
2025-10-08 10:11:43 0 [Note] InnoDB: Number of pools: 1
2025-10-08 10:11:43 0 [Note] InnoDB: Using SSE2 crc32 instructions
2025-10-08 10:11:43 0 [Note] InnoDB: Initializing buffer pool, total size = 16M, instances = 1, chunk size = 16M
2025-10-08 10:11:43 0 [Note] InnoDB: Completed initialization of buffer pool
2025-10-08 10:11:43 0 [Note] InnoDB: 128 out of 128 rollback segments are active.
2025-10-08 10:11:43 0 [Note] InnoDB: Creating shared tablespace for temporary tables
2025-10-08 10:11:43 0 [Note] InnoDB: Setting file 'C:\xampp\mysql\data\ibtmp1' size to 12 MB. Physically writing the file full; Please wait ...
2025-10-08 10:11:43 0 [Note] InnoDB: File 'C:\xampp\mysql\data\ibtmp1' size is now 12 MB.
2025-10-08 10:11:43 0 [Note] InnoDB: Waiting for purge to start
2025-10-08 10:11:43 0 [Note] InnoDB: 10.4.32 started; log sequence number 1010368; transaction id 1323
2025-10-08 10:11:43 0 [Note] InnoDB: Loading buffer pool(s) from C:\xampp\mysql\data\ib_buffer_pool
2025-10-08 10:11:43 0 [Note] Plugin 'FEEDBACK' is disabled.
2025-10-08 10:11:43 0 [Note] Server socket created on IP: '::'.
2025-10-08 10:11:43 0 [Note] InnoDB: Buffer pool(s) load completed at 251008 10:11:43
2025-10-08 10:11:44 0 [Note] Reading of all Master_info entries succeeded
2025-10-08 10:11:44 0 [Note] Added new Master_info '' to hash table
2025-10-08 10:11:44 0 [Note] C:\xampp\mysql\bin\mysqld.exe: ready for connections.
Version: '10.4.32-MariaDB'  socket: ''  port: 3306  mariadb.org binary distribution
2025-10-08 14:08:47 0 [Note] C:\xampp\mysql\bin\mysqld.exe (initiated by: unknown): Normal shutdown
2025-10-08 14:08:47 0 [Note] Event Scheduler: Purging the queue. 0 events
2025-10-08 14:08:47 0 [Note] InnoDB: FTS optimize thread exiting.
2025-10-08 14:08:47 0 [Note] InnoDB: Starting shutdown...
2025-10-08 14:08:47 0 [Note] InnoDB: Dumping buffer pool(s) to C:\xampp\mysql\data\ib_buffer_pool
2025-10-08 14:08:47 0 [Note] InnoDB: Instance 0, restricted to 250 pages due to innodb_buf_pool_dump_pct=25
2025-10-08 14:08:47 0 [Note] InnoDB: Buffer pool(s) dump completed at 251008 14:08:47
2025-10-08 14:08:48 0 [Note] InnoDB: Removed temporary tablespace data file: "ibtmp1"
2025-10-08 14:08:48 0 [Note] InnoDB: Shutdown completed; log sequence number 1010377; transaction id 1325
2025-10-08 14:08:48 0 [Note] C:\xampp\mysql\bin\mysqld.exe: Shutdown complete

2025-10-09 10:04:27 0 [Note] Starting MariaDB 10.4.32-MariaDB source revision c4143f909528e3fab0677a28631d10389354c491 as process 4236
2025-10-09 10:04:27 0 [Note] InnoDB: Mutexes and rw_locks use Windows interlocked functions
2025-10-09 10:04:27 0 [Note] InnoDB: Uses event mutexes
2025-10-09 10:04:27 0 [Note] InnoDB: Compressed tables use zlib 1.3
2025-10-09 10:04:27 0 [Note] InnoDB: Number of pools: 1
2025-10-09 10:04:28 0 [Note] InnoDB: Using SSE2 crc32 instructions
2025-10-09 10:04:28 0 [Note] InnoDB: Initializing buffer pool, total size = 16M, instances = 1, chunk size = 16M
2025-10-09 10:04:28 0 [Note] InnoDB: Completed initialization of buffer pool
2025-10-09 10:04:28 0 [Note] InnoDB: 128 out of 128 rollback segments are active.
2025-10-09 10:04:28 0 [Note] InnoDB: Creating shared tablespace for temporary tables
2025-10-09 10:04:28 0 [Note] InnoDB: Setting file 'C:\xampp\mysql\data\ibtmp1' size to 12 MB. Physically writing the file full; Please wait ...
2025-10-09 10:04:28 0 [Note] InnoDB: File 'C:\xampp\mysql\data\ibtmp1' size is now 12 MB.
2025-10-09 10:04:28 0 [Note] InnoDB: Waiting for purge to start
2025-10-09 10:04:28 0 [Note] InnoDB: 10.4.32 started; log sequence number 1010377; transaction id 1323
2025-10-09 10:04:28 0 [Note] InnoDB: Loading buffer pool(s) from C:\xampp\mysql\data\ib_buffer_pool
2025-10-09 10:04:28 0 [Note] Plugin 'FEEDBACK' is disabled.
2025-10-09 10:04:28 0 [Note] Server socket created on IP: '::'.
2025-10-09 10:04:28 0 [Note] InnoDB: Buffer pool(s) load completed at 251009 10:04:28
2025-10-09 10:04:28 0 [Note] Reading of all Master_info entries succeeded
2025-10-09 10:04:28 0 [Note] Added new Master_info '' to hash table
2025-10-09 10:04:28 0 [Note] C:\xampp\mysql\bin\mysqld.exe: ready for connections.
Version: '10.4.32-MariaDB'  socket: ''  port: 3306  mariadb.org binary distribution
2025-10-13  8:48:14 0 [Note] Starting MariaDB 10.4.32-MariaDB source revision c4143f909528e3fab0677a28631d10389354c491 as process 4232
2025-10-13  8:48:14 0 [Note] InnoDB: Mutexes and rw_locks use Windows interlocked functions
2025-10-13  8:48:14 0 [Note] InnoDB: Uses event mutexes
2025-10-13  8:48:14 0 [Note] InnoDB: Compressed tables use zlib 1.3
2025-10-13  8:48:14 0 [Note] InnoDB: Number of pools: 1
2025-10-13  8:48:14 0 [Note] InnoDB: Using SSE2 crc32 instructions
2025-10-13  8:48:14 0 [Note] InnoDB: Initializing buffer pool, total size = 16M, instances = 1, chunk size = 16M
2025-10-13  8:48:14 0 [Note] InnoDB: Completed initialization of buffer pool
2025-10-13  8:48:14 0 [Note] InnoDB: Starting crash recovery from checkpoint LSN=1010377
2025-10-13  8:48:14 0 [Note] InnoDB: 128 out of 128 rollback segments are active.
2025-10-13  8:48:14 0 [Note] InnoDB: Removed temporary tablespace data file: "ibtmp1"
2025-10-13  8:48:14 0 [Note] InnoDB: Creating shared tablespace for temporary tables
2025-10-13  8:48:14 0 [Note] InnoDB: Setting file 'C:\xampp\mysql\data\ibtmp1' size to 12 MB. Physically writing the file full; Please wait ...
2025-10-13  8:48:14 0 [Note] InnoDB: File 'C:\xampp\mysql\data\ibtmp1' size is now 12 MB.
2025-10-13  8:48:14 0 [Note] InnoDB: Waiting for purge to start
2025-10-13  8:48:15 0 [Note] InnoDB: 10.4.32 started; log sequence number 1010386; transaction id 1323
2025-10-13  8:48:15 0 [Note] InnoDB: Loading buffer pool(s) from C:\xampp\mysql\data\ib_buffer_pool
2025-10-13  8:48:15 0 [Note] Plugin 'FEEDBACK' is disabled.
2025-10-13  8:48:15 0 [Note] Server socket created on IP: '::'.
2025-10-13  8:48:15 0 [Note] InnoDB: Buffer pool(s) load completed at 251013  8:48:15
2025-10-13  8:48:15 0 [Note] Reading of all Master_info entries succeeded
2025-10-13  8:48:15 0 [Note] Added new Master_info '' to hash table
2025-10-13  8:48:15 0 [Note] C:\xampp\mysql\bin\mysqld.exe: ready for connections.
Version: '10.4.32-MariaDB'  socket: ''  port: 3306  mariadb.org binary distribution
2025-10-13 11:52:48 31 [Warning] Access denied for user ''@'localhost' (using password: NO)
2025-10-13 11:53:57 32 [Warning] Access denied for user ''@'localhost' (using password: NO)
2025-10-13 11:57:56 60 [Warning] Access denied for user ''@'localhost' (using password: NO)
2025-10-13 11:58:00 61 [Warning] Access denied for user ''@'localhost' (using password: NO)
2025-10-13 13:22:33 0 [Note] C:\xampp\mysql\bin\mysqld.exe (initiated by: unknown): Normal shutdown
2025-10-13 13:22:33 0 [Note] Event Scheduler: Purging the queue. 0 events
2025-10-13 13:22:33 0 [Note] InnoDB: FTS optimize thread exiting.
2025-10-13 13:22:33 0 [Note] InnoDB: Starting shutdown...
2025-10-13 13:22:33 0 [Note] InnoDB: Dumping buffer pool(s) to C:\xampp\mysql\data\ib_buffer_pool
2025-10-13 13:22:33 0 [Note] InnoDB: Instance 0, restricted to 250 pages due to innodb_buf_pool_dump_pct=25
2025-10-13 13:22:33 0 [Note] InnoDB: Buffer pool(s) dump completed at 251013 13:22:33
2025-10-13 13:22:34 0 [Note] InnoDB: Removed temporary tablespace data file: "ibtmp1"
2025-10-13 13:22:34 0 [Note] InnoDB: Shutdown completed; log sequence number 1019170; transaction id 1373
2025-10-13 13:22:34 0 [Note] C:\xampp\mysql\bin\mysqld.exe: Shutdown complete

2025-10-13 13:23:29 0 [Note] Starting MariaDB 10.4.32-MariaDB source revision c4143f909528e3fab0677a28631d10389354c491 as process 4164
2025-10-13 13:23:29 0 [Note] InnoDB: Mutexes and rw_locks use Windows interlocked functions
2025-10-13 13:23:29 0 [Note] InnoDB: Uses event mutexes
2025-10-13 13:23:29 0 [Note] InnoDB: Compressed tables use zlib 1.3
2025-10-13 13:23:29 0 [Note] InnoDB: Number of pools: 1
2025-10-13 13:23:29 0 [Note] InnoDB: Using SSE2 crc32 instructions
2025-10-13 13:23:29 0 [Note] InnoDB: Initializing buffer pool, total size = 16M, instances = 1, chunk size = 16M
2025-10-13 13:23:29 0 [Note] InnoDB: Completed initialization of buffer pool
2025-10-13 13:23:29 0 [Note] InnoDB: 128 out of 128 rollback segments are active.
2025-10-13 13:23:29 0 [Note] InnoDB: Creating shared tablespace for temporary tables
2025-10-13 13:23:29 0 [Note] InnoDB: Setting file 'C:\xampp\mysql\data\ibtmp1' size to 12 MB. Physically writing the file full; Please wait ...
2025-10-13 13:23:29 0 [Note] InnoDB: File 'C:\xampp\mysql\data\ibtmp1' size is now 12 MB.
2025-10-13 13:23:29 0 [Note] InnoDB: Waiting for purge to start
2025-10-13 13:23:29 0 [Note] InnoDB: 10.4.32 started; log sequence number 1019170; transaction id 1374
2025-10-13 13:23:29 0 [Note] InnoDB: Loading buffer pool(s) from C:\xampp\mysql\data\ib_buffer_pool
2025-10-13 13:23:30 0 [Note] Plugin 'FEEDBACK' is disabled.
2025-10-13 13:23:30 0 [Note] Server socket created on IP: '::'.
2025-10-13 13:23:30 0 [Note] InnoDB: Buffer pool(s) load completed at 251013 13:23:30
2025-10-13 13:23:30 0 [Note] Reading of all Master_info entries succeeded
2025-10-13 13:23:30 0 [Note] Added new Master_info '' to hash table
2025-10-13 13:23:30 0 [Note] C:\xampp\mysql\bin\mysqld.exe: ready for connections.
Version: '10.4.32-MariaDB'  socket: ''  port: 3306  mariadb.org binary distribution
2025-10-13 13:54:52 0 [Note] C:\xampp\mysql\bin\mysqld.exe (initiated by: unknown): Normal shutdown
2025-10-13 13:54:52 0 [Note] Event Scheduler: Purging the queue. 0 events
2025-10-13 13:54:52 0 [Note] InnoDB: FTS optimize thread exiting.
2025-10-13 13:54:52 0 [Note] InnoDB: Starting shutdown...
2025-10-13 13:54:52 0 [Note] InnoDB: Dumping buffer pool(s) to C:\xampp\mysql\data\ib_buffer_pool
2025-10-13 13:54:52 0 [Note] InnoDB: Instance 0, restricted to 250 pages due to innodb_buf_pool_dump_pct=25
2025-10-13 13:54:52 0 [Note] InnoDB: Buffer pool(s) dump completed at 251013 13:54:52
2025-10-13 13:54:53 0 [Note] InnoDB: Removed temporary tablespace data file: "ibtmp1"
2025-10-13 13:54:53 0 [Note] InnoDB: Shutdown completed; log sequence number 1019179; transaction id 1376
2025-10-13 13:54:53 0 [Note] C:\xampp\mysql\bin\mysqld.exe: Shutdown complete

2025-10-13 23:05:50 0 [Note] Starting MariaDB 10.4.32-MariaDB source revision c4143f909528e3fab0677a28631d10389354c491 as process 4104
2025-10-13 23:05:51 0 [Note] InnoDB: Mutexes and rw_locks use Windows interlocked functions
2025-10-13 23:05:51 0 [Note] InnoDB: Uses event mutexes
2025-10-13 23:05:51 0 [Note] InnoDB: Compressed tables use zlib 1.3
2025-10-13 23:05:51 0 [Note] InnoDB: Number of pools: 1
2025-10-13 23:05:51 0 [Note] InnoDB: Using SSE2 crc32 instructions
2025-10-13 23:05:51 0 [Note] InnoDB: Initializing buffer pool, total size = 16M, instances = 1, chunk size = 16M
2025-10-13 23:05:51 0 [Note] InnoDB: Completed initialization of buffer pool
2025-10-13 23:05:51 0 [Note] InnoDB: 128 out of 128 rollback segments are active.
2025-10-13 23:05:51 0 [Note] InnoDB: Creating shared tablespace for temporary tables
2025-10-13 23:05:51 0 [Note] InnoDB: Setting file 'C:\xampp\mysql\data\ibtmp1' size to 12 MB. Physically writing the file full; Please wait ...
2025-10-13 23:05:51 0 [Note] InnoDB: File 'C:\xampp\mysql\data\ibtmp1' size is now 12 MB.
2025-10-13 23:05:51 0 [Note] InnoDB: Waiting for purge to start
2025-10-13 23:05:51 0 [Note] InnoDB: 10.4.32 started; log sequence number 1019179; transaction id 1374
2025-10-13 23:05:51 0 [Note] InnoDB: Loading buffer pool(s) from C:\xampp\mysql\data\ib_buffer_pool
2025-10-13 23:05:51 0 [Note] Plugin 'FEEDBACK' is disabled.
2025-10-13 23:05:51 0 [Note] Server socket created on IP: '::'.
2025-10-13 23:05:51 0 [Note] InnoDB: Buffer pool(s) load completed at 251013 23:05:51
2025-10-13 23:05:51 0 [Note] Reading of all Master_info entries succeeded
2025-10-13 23:05:51 0 [Note] Added new Master_info '' to hash table
2025-10-13 23:05:51 0 [Note] C:\xampp\mysql\bin\mysqld.exe: ready for connections.
Version: '10.4.32-MariaDB'  socket: ''  port: 3306  mariadb.org binary distribution
2025-10-15  7:58:55 0 [Note] C:\xampp\mysql\bin\mysqld.exe (initiated by: unknown): Normal shutdown
2025-10-15  7:58:55 0 [Note] Event Scheduler: Purging the queue. 0 events
2025-10-15  7:58:55 0 [Note] InnoDB: FTS optimize thread exiting.
2025-10-15  7:58:55 0 [Note] InnoDB: Starting shutdown...
2025-10-15  7:58:55 0 [Note] InnoDB: Dumping buffer pool(s) to C:\xampp\mysql\data\ib_buffer_pool
2025-10-15  7:58:56 0 [Note] InnoDB: Instance 0, restricted to 250 pages due to innodb_buf_pool_dump_pct=25
2025-10-15  7:58:56 0 [Note] InnoDB: Buffer pool(s) dump completed at 251015  7:58:56
2025-10-15  7:58:56 0 [Note] InnoDB: Removed temporary tablespace data file: "ibtmp1"
2025-10-15  7:58:56 0 [Note] InnoDB: Shutdown completed; log sequence number 1019188; transaction id 1376
2025-10-15  7:58:56 0 [Note] C:\xampp\mysql\bin\mysqld.exe: Shutdown complete

2025-10-15  8:46:21 0 [Note] Starting MariaDB 10.4.32-MariaDB source revision c4143f909528e3fab0677a28631d10389354c491 as process 3620
2025-10-15  8:46:21 0 [Note] InnoDB: Mutexes and rw_locks use Windows interlocked functions
2025-10-15  8:46:21 0 [Note] InnoDB: Uses event mutexes
2025-10-15  8:46:21 0 [Note] InnoDB: Compressed tables use zlib 1.3
2025-10-15  8:46:21 0 [Note] InnoDB: Number of pools: 1
2025-10-15  8:46:21 0 [Note] InnoDB: Using SSE2 crc32 instructions
2025-10-15  8:46:21 0 [Note] InnoDB: Initializing buffer pool, total size = 16M, instances = 1, chunk size = 16M
2025-10-15  8:46:21 0 [Note] InnoDB: Completed initialization of buffer pool
2025-10-15  8:46:22 0 [Note] InnoDB: 128 out of 128 rollback segments are active.
2025-10-15  8:46:22 0 [Note] InnoDB: Creating shared tablespace for temporary tables
2025-10-15  8:46:22 0 [Note] InnoDB: Setting file 'C:\xampp\mysql\data\ibtmp1' size to 12 MB. Physically writing the file full; Please wait ...
2025-10-15  8:46:22 0 [Note] InnoDB: File 'C:\xampp\mysql\data\ibtmp1' size is now 12 MB.
2025-10-15  8:46:22 0 [Note] InnoDB: Waiting for purge to start
2025-10-15  8:46:22 0 [Note] InnoDB: 10.4.32 started; log sequence number 1019188; transaction id 1374
2025-10-15  8:46:22 0 [Note] InnoDB: Loading buffer pool(s) from C:\xampp\mysql\data\ib_buffer_pool
2025-10-15  8:46:22 0 [Note] Plugin 'FEEDBACK' is disabled.
2025-10-15  8:46:22 0 [Note] Server socket created on IP: '::'.
2025-10-15  8:46:22 0 [Note] InnoDB: Buffer pool(s) load completed at 251015  8:46:22
2025-10-15  8:46:22 0 [Note] Reading of all Master_info entries succeeded
2025-10-15  8:46:22 0 [Note] Added new Master_info '' to hash table
2025-10-15  8:46:22 0 [Note] C:\xampp\mysql\bin\mysqld.exe: ready for connections.
Version: '10.4.32-MariaDB'  socket: ''  port: 3306  mariadb.org binary distribution
2025-10-15  8:54:58 0 [Note] C:\xampp\mysql\bin\mysqld.exe (initiated by: unknown): Normal shutdown
2025-10-15  8:54:58 0 [Note] Event Scheduler: Purging the queue. 0 events
2025-10-15  8:54:58 0 [Note] InnoDB: FTS optimize thread exiting.
2025-10-15  8:54:59 0 [Note] InnoDB: Starting shutdown...
2025-10-15  8:54:59 0 [Note] InnoDB: Dumping buffer pool(s) to C:\xampp\mysql\data\ib_buffer_pool
2025-10-15  8:54:59 0 [Note] InnoDB: Instance 0, restricted to 250 pages due to innodb_buf_pool_dump_pct=25
2025-10-15  8:54:59 0 [Note] InnoDB: Buffer pool(s) dump completed at 251015  8:54:59
2025-10-15  8:55:00 0 [Note] InnoDB: Removed temporary tablespace data file: "ibtmp1"
2025-10-15  8:55:00 0 [Note] InnoDB: Shutdown completed; log sequence number 1019197; transaction id 1375
2025-10-15  8:55:00 0 [Note] C:\xampp\mysql\bin\mysqld.exe: Shutdown complete

2025-10-16  8:39:57 0 [Note] Starting MariaDB 10.4.32-MariaDB source revision c4143f909528e3fab0677a28631d10389354c491 as process 4028
2025-10-16  8:39:57 0 [Note] InnoDB: Mutexes and rw_locks use Windows interlocked functions
2025-10-16  8:39:57 0 [Note] InnoDB: Uses event mutexes
2025-10-16  8:39:57 0 [Note] InnoDB: Compressed tables use zlib 1.3
2025-10-16  8:39:57 0 [Note] InnoDB: Number of pools: 1
2025-10-16  8:39:57 0 [Note] InnoDB: Using SSE2 crc32 instructions
2025-10-16  8:39:57 0 [Note] InnoDB: Initializing buffer pool, total size = 16M, instances = 1, chunk size = 16M
2025-10-16  8:39:57 0 [Note] InnoDB: Completed initialization of buffer pool
2025-10-16  8:39:57 0 [Note] InnoDB: 128 out of 128 rollback segments are active.
2025-10-16  8:39:57 0 [Note] InnoDB: Creating shared tablespace for temporary tables
2025-10-16  8:39:57 0 [Note] InnoDB: Setting file 'C:\xampp\mysql\data\ibtmp1' size to 12 MB. Physically writing the file full; Please wait ...
2025-10-16  8:39:57 0 [Note] InnoDB: File 'C:\xampp\mysql\data\ibtmp1' size is now 12 MB.
2025-10-16  8:39:57 0 [Note] InnoDB: Waiting for purge to start
2025-10-16  8:39:57 0 [Note] InnoDB: 10.4.32 started; log sequence number 1019197; transaction id 1374
2025-10-16  8:39:57 0 [Note] InnoDB: Loading buffer pool(s) from C:\xampp\mysql\data\ib_buffer_pool
2025-10-16  8:39:57 0 [Note] Plugin 'FEEDBACK' is disabled.
2025-10-16  8:39:57 0 [Note] Server socket created on IP: '::'.
2025-10-16  8:39:57 0 [Note] InnoDB: Buffer pool(s) load completed at 251016  8:39:57
2025-10-16  8:39:58 0 [Note] Reading of all Master_info entries succeeded
2025-10-16  8:39:58 0 [Note] Added new Master_info '' to hash table
2025-10-16  8:39:58 0 [Note] C:\xampp\mysql\bin\mysqld.exe: ready for connections.
Version: '10.4.32-MariaDB'  socket: ''  port: 3306  mariadb.org binary distribution
2025-10-16  8:54:21 0 [Note] C:\xampp\mysql\bin\mysqld.exe (initiated by: unknown): Normal shutdown
2025-10-16  8:54:21 0 [Note] Event Scheduler: Purging the queue. 0 events
2025-10-16  8:54:21 0 [Note] InnoDB: FTS optimize thread exiting.
2025-10-16  8:54:21 0 [Note] InnoDB: Starting shutdown...
2025-10-16  8:54:21 0 [Note] InnoDB: Dumping buffer pool(s) to C:\xampp\mysql\data\ib_buffer_pool
2025-10-16  8:54:21 0 [Note] InnoDB: Instance 0, restricted to 250 pages due to innodb_buf_pool_dump_pct=25
2025-10-16  8:54:21 0 [Note] InnoDB: Buffer pool(s) dump completed at 251016  8:54:21
2025-10-16  8:54:21 0 [Note] InnoDB: Removed temporary tablespace data file: "ibtmp1"
2025-10-16  8:54:21 0 [Note] InnoDB: Shutdown completed; log sequence number 1019206; transaction id 1376
2025-10-16  8:54:21 0 [Note] C:\xampp\mysql\bin\mysqld.exe: Shutdown complete

2025-10-16  8:57:06 0 [Note] Starting MariaDB 10.4.32-MariaDB source revision c4143f909528e3fab0677a28631d10389354c491 as process 4816
2025-10-16  8:57:06 0 [Note] InnoDB: Mutexes and rw_locks use Windows interlocked functions
2025-10-16  8:57:06 0 [Note] InnoDB: Uses event mutexes
2025-10-16  8:57:06 0 [Note] InnoDB: Compressed tables use zlib 1.3
2025-10-16  8:57:06 0 [Note] InnoDB: Number of pools: 1
2025-10-16  8:57:06 0 [Note] InnoDB: Using SSE2 crc32 instructions
2025-10-16  8:57:06 0 [Note] InnoDB: Initializing buffer pool, total size = 16M, instances = 1, chunk size = 16M
2025-10-16  8:57:06 0 [Note] InnoDB: Completed initialization of buffer pool
2025-10-16  8:57:07 0 [Note] InnoDB: 128 out of 128 rollback segments are active.
2025-10-16  8:57:07 0 [Note] InnoDB: Creating shared tablespace for temporary tables
2025-10-16  8:57:07 0 [Note] InnoDB: Setting file 'C:\xampp\mysql\data\ibtmp1' size to 12 MB. Physically writing the file full; Please wait ...
2025-10-16  8:57:07 0 [Note] InnoDB: File 'C:\xampp\mysql\data\ibtmp1' size is now 12 MB.
2025-10-16  8:57:07 0 [Note] InnoDB: Waiting for purge to start
2025-10-16  8:57:07 0 [Note] InnoDB: 10.4.32 started; log sequence number 1019206; transaction id 1374
2025-10-16  8:57:07 0 [Note] InnoDB: Loading buffer pool(s) from C:\xampp\mysql\data\ib_buffer_pool
2025-10-16  8:57:07 0 [Note] Plugin 'FEEDBACK' is disabled.
2025-10-16  8:57:07 0 [Note] Server socket created on IP: '::'.
2025-10-16  8:57:07 0 [Note] InnoDB: Buffer pool(s) load completed at 251016  8:57:07
2025-10-16  8:57:07 0 [Note] Reading of all Master_info entries succeeded
2025-10-16  8:57:07 0 [Note] Added new Master_info '' to hash table
2025-10-16  8:57:07 0 [Note] C:\xampp\mysql\bin\mysqld.exe: ready for connections.
Version: '10.4.32-MariaDB'  socket: ''  port: 3306  mariadb.org binary distribution
2025-10-16 10:35:04 510 [Warning] Access denied for user ''@'localhost' (using password: NO)
2025-10-16 13:50:33 0 [Note] C:\xampp\mysql\bin\mysqld.exe (initiated by: unknown): Normal shutdown
2025-10-16 13:50:33 0 [Note] Event Scheduler: Purging the queue. 0 events
2025-10-16 13:50:33 0 [Note] InnoDB: FTS optimize thread exiting.
2025-10-16 13:50:33 0 [Note] InnoDB: Starting shutdown...
2025-10-16 13:50:33 0 [Note] InnoDB: Dumping buffer pool(s) to C:\xampp\mysql\data\ib_buffer_pool
2025-10-16 13:50:33 0 [Note] InnoDB: Instance 0, restricted to 250 pages due to innodb_buf_pool_dump_pct=25
2025-10-16 13:50:33 0 [Note] InnoDB: Buffer pool(s) dump completed at 251016 13:50:33
2025-10-16 13:50:34 0 [Note] InnoDB: Removed temporary tablespace data file: "ibtmp1"
2025-10-16 13:50:34 0 [Note] InnoDB: Shutdown completed; log sequence number 1084183; transaction id 1552
2025-10-16 13:50:35 0 [Note] C:\xampp\mysql\bin\mysqld.exe: Shutdown complete

2025-10-17  1:04:25 0 [Note] Starting MariaDB 10.4.32-MariaDB source revision c4143f909528e3fab0677a28631d10389354c491 as process 4540
2025-10-17  1:04:25 0 [Note] InnoDB: Mutexes and rw_locks use Windows interlocked functions
2025-10-17  1:04:25 0 [Note] InnoDB: Uses event mutexes
2025-10-17  1:04:25 0 [Note] InnoDB: Compressed tables use zlib 1.3
2025-10-17  1:04:25 0 [Note] InnoDB: Number of pools: 1
2025-10-17  1:04:25 0 [Note] InnoDB: Using SSE2 crc32 instructions
2025-10-17  1:04:25 0 [Note] InnoDB: Initializing buffer pool, total size = 16M, instances = 1, chunk size = 16M
2025-10-17  1:04:25 0 [Note] InnoDB: Completed initialization of buffer pool
2025-10-17  1:04:26 0 [Note] InnoDB: 128 out of 128 rollback segments are active.
2025-10-17  1:04:26 0 [Note] InnoDB: Creating shared tablespace for temporary tables
2025-10-17  1:04:26 0 [Note] InnoDB: Setting file 'C:\xampp\mysql\data\ibtmp1' size to 12 MB. Physically writing the file full; Please wait ...
2025-10-17  1:04:26 0 [Note] InnoDB: File 'C:\xampp\mysql\data\ibtmp1' size is now 12 MB.
2025-10-17  1:04:26 0 [Note] InnoDB: Waiting for purge to start
2025-10-17  1:04:26 0 [Note] InnoDB: 10.4.32 started; log sequence number 1084183; transaction id 1553
2025-10-17  1:04:26 0 [Note] InnoDB: Loading buffer pool(s) from C:\xampp\mysql\data\ib_buffer_pool
2025-10-17  1:04:26 0 [Note] Plugin 'FEEDBACK' is disabled.
2025-10-17  1:04:26 0 [Note] Server socket created on IP: '::'.
2025-10-17  1:04:26 0 [Note] InnoDB: Buffer pool(s) load completed at 251017  1:04:26
2025-10-17  1:04:26 0 [Note] Reading of all Master_info entries succeeded
2025-10-17  1:04:26 0 [Note] Added new Master_info '' to hash table
2025-10-17  1:04:26 0 [Note] C:\xampp\mysql\bin\mysqld.exe: ready for connections.
Version: '10.4.32-MariaDB'  socket: ''  port: 3306  mariadb.org binary distribution
2025-10-19 18:33:40 0 [Note] Starting MariaDB 10.4.32-MariaDB source revision c4143f909528e3fab0677a28631d10389354c491 as process 4104
2025-10-19 18:33:40 0 [Note] InnoDB: Mutexes and rw_locks use Windows interlocked functions
2025-10-19 18:33:40 0 [Note] InnoDB: Uses event mutexes
2025-10-19 18:33:40 0 [Note] InnoDB: Compressed tables use zlib 1.3
2025-10-19 18:33:40 0 [Note] InnoDB: Number of pools: 1
2025-10-19 18:33:40 0 [Note] InnoDB: Using SSE2 crc32 instructions
2025-10-19 18:33:40 0 [Note] InnoDB: Initializing buffer pool, total size = 16M, instances = 1, chunk size = 16M
2025-10-19 18:33:40 0 [Note] InnoDB: Completed initialization of buffer pool
2025-10-19 18:33:40 0 [Note] InnoDB: Starting crash recovery from checkpoint LSN=1084183
2025-10-19 18:33:40 0 [Note] InnoDB: 128 out of 128 rollback segments are active.
2025-10-19 18:33:40 0 [Note] InnoDB: Removed temporary tablespace data file: "ibtmp1"
2025-10-19 18:33:40 0 [Note] InnoDB: Creating shared tablespace for temporary tables
2025-10-19 18:33:40 0 [Note] InnoDB: Setting file 'C:\xampp\mysql\data\ibtmp1' size to 12 MB. Physically writing the file full; Please wait ...
2025-10-19 18:33:40 0 [Note] InnoDB: File 'C:\xampp\mysql\data\ibtmp1' size is now 12 MB.
2025-10-19 18:33:40 0 [Note] InnoDB: Waiting for purge to start
2025-10-19 18:33:40 0 [Note] InnoDB: 10.4.32 started; log sequence number 1084192; transaction id 1553
2025-10-19 18:33:40 0 [Note] InnoDB: Loading buffer pool(s) from C:\xampp\mysql\data\ib_buffer_pool
2025-10-19 18:33:40 0 [Note] Plugin 'FEEDBACK' is disabled.
2025-10-19 18:33:40 0 [Note] Server socket created on IP: '::'.
2025-10-19 18:33:40 0 [Note] InnoDB: Buffer pool(s) load completed at 251019 18:33:40
2025-10-19 18:33:40 0 [Note] Reading of all Master_info entries succeeded
2025-10-19 18:33:40 0 [Note] Added new Master_info '' to hash table
2025-10-19 18:33:40 0 [Note] C:\xampp\mysql\bin\mysqld.exe: ready for connections.
Version: '10.4.32-MariaDB'  socket: ''  port: 3306  mariadb.org binary distribution
2025-10-20  8:50:47 0 [Note] Starting MariaDB 10.4.32-MariaDB source revision c4143f909528e3fab0677a28631d10389354c491 as process 4168
2025-10-20  8:50:47 0 [Note] InnoDB: Mutexes and rw_locks use Windows interlocked functions
2025-10-20  8:50:47 0 [Note] InnoDB: Uses event mutexes
2025-10-20  8:50:47 0 [Note] InnoDB: Compressed tables use zlib 1.3
2025-10-20  8:50:47 0 [Note] InnoDB: Number of pools: 1
2025-10-20  8:50:47 0 [Note] InnoDB: Using SSE2 crc32 instructions
2025-10-20  8:50:47 0 [Note] InnoDB: Initializing buffer pool, total size = 16M, instances = 1, chunk size = 16M
2025-10-20  8:50:47 0 [Note] InnoDB: Completed initialization of buffer pool
2025-10-20  8:50:47 0 [Note] InnoDB: Starting crash recovery from checkpoint LSN=1084201
2025-10-20  8:50:48 0 [Note] InnoDB: 128 out of 128 rollback segments are active.
2025-10-20  8:50:48 0 [Note] InnoDB: Removed temporary tablespace data file: "ibtmp1"
2025-10-20  8:50:48 0 [Note] InnoDB: Creating shared tablespace for temporary tables
2025-10-20  8:50:48 0 [Note] InnoDB: Setting file 'C:\xampp\mysql\data\ibtmp1' size to 12 MB. Physically writing the file full; Please wait ...
2025-10-20  8:50:48 0 [Note] InnoDB: File 'C:\xampp\mysql\data\ibtmp1' size is now 12 MB.
2025-10-20  8:50:48 0 [Note] InnoDB: Waiting for purge to start
2025-10-20  8:50:48 0 [Note] InnoDB: 10.4.32 started; log sequence number 1084210; transaction id 1553
2025-10-20  8:50:48 0 [Note] InnoDB: Loading buffer pool(s) from C:\xampp\mysql\data\ib_buffer_pool
2025-10-20  8:50:48 0 [Note] Plugin 'FEEDBACK' is disabled.
2025-10-20  8:50:48 0 [Note] Server socket created on IP: '::'.
2025-10-20  8:50:48 0 [Note] InnoDB: Buffer pool(s) load completed at 251020  8:50:48
2025-10-20  8:50:48 0 [Note] Reading of all Master_info entries succeeded
2025-10-20  8:50:48 0 [Note] Added new Master_info '' to hash table
2025-10-20  8:50:48 0 [Note] C:\xampp\mysql\bin\mysqld.exe: ready for connections.
Version: '10.4.32-MariaDB'  socket: ''  port: 3306  mariadb.org binary distribution
2025-10-20 14:06:49 0 [Note] C:\xampp\mysql\bin\mysqld.exe (initiated by: unknown): Normal shutdown
2025-10-20 14:06:49 0 [Note] Event Scheduler: Purging the queue. 0 events
2025-10-20 14:06:49 0 [Note] InnoDB: FTS optimize thread exiting.
2025-10-20 14:06:50 0 [Note] InnoDB: Starting shutdown...
2025-10-20 14:06:50 0 [Note] InnoDB: Dumping buffer pool(s) to C:\xampp\mysql\data\ib_buffer_pool
2025-10-20 14:06:50 0 [Note] InnoDB: Instance 0, restricted to 250 pages due to innodb_buf_pool_dump_pct=25
2025-10-20 14:06:50 0 [Note] InnoDB: Buffer pool(s) dump completed at 251020 14:06:50
2025-10-20 14:06:50 0 [Note] InnoDB: Removed temporary tablespace data file: "ibtmp1"
2025-10-20 14:06:50 0 [Note] InnoDB: Shutdown completed; log sequence number 1112355; transaction id 1633
2025-10-20 14:06:50 0 [Note] C:\xampp\mysql\bin\mysqld.exe: Shutdown complete

2025-10-21 15:07:43 0 [Note] Starting MariaDB 10.4.32-MariaDB source revision c4143f909528e3fab0677a28631d10389354c491 as process 4100
2025-10-21 15:07:44 0 [Note] InnoDB: Mutexes and rw_locks use Windows interlocked functions
2025-10-21 15:07:44 0 [Note] InnoDB: Uses event mutexes
2025-10-21 15:07:44 0 [Note] InnoDB: Compressed tables use zlib 1.3
2025-10-21 15:07:44 0 [Note] InnoDB: Number of pools: 1
2025-10-21 15:07:44 0 [Note] InnoDB: Using SSE2 crc32 instructions
2025-10-21 15:07:44 0 [Note] InnoDB: Initializing buffer pool, total size = 16M, instances = 1, chunk size = 16M
2025-10-21 15:07:44 0 [Note] InnoDB: Completed initialization of buffer pool
2025-10-21 15:07:44 0 [Note] InnoDB: 128 out of 128 rollback segments are active.
2025-10-21 15:07:44 0 [Note] InnoDB: Creating shared tablespace for temporary tables
2025-10-21 15:07:44 0 [Note] InnoDB: Setting file 'C:\xampp\mysql\data\ibtmp1' size to 12 MB. Physically writing the file full; Please wait ...
2025-10-21 15:07:44 0 [Note] InnoDB: File 'C:\xampp\mysql\data\ibtmp1' size is now 12 MB.
2025-10-21 15:07:44 0 [Note] InnoDB: Waiting for purge to start
2025-10-21 15:07:44 0 [Note] InnoDB: 10.4.32 started; log sequence number 1112355; transaction id 1634
2025-10-21 15:07:44 0 [Note] InnoDB: Loading buffer pool(s) from C:\xampp\mysql\data\ib_buffer_pool
2025-10-21 15:07:44 0 [Note] Plugin 'FEEDBACK' is disabled.
2025-10-21 15:07:44 0 [Note] Server socket created on IP: '::'.
2025-10-21 15:07:44 0 [Note] InnoDB: Buffer pool(s) load completed at 251021 15:07:44
2025-10-21 15:07:44 0 [Note] Reading of all Master_info entries succeeded
2025-10-21 15:07:44 0 [Note] Added new Master_info '' to hash table
2025-10-21 15:07:44 0 [Note] C:\xampp\mysql\bin\mysqld.exe: ready for connections.
Version: '10.4.32-MariaDB'  socket: ''  port: 3306  mariadb.org binary distribution
2025-10-22 10:46:26 0 [Note] Starting MariaDB 10.4.32-MariaDB source revision c4143f909528e3fab0677a28631d10389354c491 as process 3968
2025-10-22 10:46:27 0 [Note] InnoDB: Mutexes and rw_locks use Windows interlocked functions
2025-10-22 10:46:27 0 [Note] InnoDB: Uses event mutexes
2025-10-22 10:46:27 0 [Note] InnoDB: Compressed tables use zlib 1.3
2025-10-22 10:46:27 0 [Note] InnoDB: Number of pools: 1
2025-10-22 10:46:27 0 [Note] InnoDB: Using SSE2 crc32 instructions
2025-10-22 10:46:27 0 [Note] InnoDB: Initializing buffer pool, total size = 16M, instances = 1, chunk size = 16M
2025-10-22 10:46:27 0 [Note] InnoDB: Completed initialization of buffer pool
2025-10-22 10:46:27 0 [Note] InnoDB: Starting crash recovery from checkpoint LSN=1112355
2025-10-22 10:46:27 0 [Note] InnoDB: 128 out of 128 rollback segments are active.
2025-10-22 10:46:27 0 [Note] InnoDB: Removed temporary tablespace data file: "ibtmp1"
2025-10-22 10:46:27 0 [Note] InnoDB: Creating shared tablespace for temporary tables
2025-10-22 10:46:27 0 [Note] InnoDB: Setting file 'C:\xampp\mysql\data\ibtmp1' size to 12 MB. Physically writing the file full; Please wait ...
2025-10-22 10:46:27 0 [Note] InnoDB: File 'C:\xampp\mysql\data\ibtmp1' size is now 12 MB.
2025-10-22 10:46:27 0 [Note] InnoDB: Waiting for purge to start
2025-10-22 10:46:27 0 [Note] InnoDB: 10.4.32 started; log sequence number 1112364; transaction id 1634
2025-10-22 10:46:27 0 [Note] InnoDB: Loading buffer pool(s) from C:\xampp\mysql\data\ib_buffer_pool
2025-10-22 10:46:27 0 [Note] Plugin 'FEEDBACK' is disabled.
2025-10-22 10:46:27 0 [Note] Server socket created on IP: '::'.
2025-10-22 10:46:27 0 [Note] InnoDB: Buffer pool(s) load completed at 251022 10:46:27
2025-10-22 10:46:27 0 [Note] Reading of all Master_info entries succeeded
2025-10-22 10:46:27 0 [Note] Added new Master_info '' to hash table
2025-10-22 10:46:27 0 [Note] C:\xampp\mysql\bin\mysqld.exe: ready for connections.
Version: '10.4.32-MariaDB'  socket: ''  port: 3306  mariadb.org binary distribution
2025-10-22 10:47:46 0 [Note] C:\xampp\mysql\bin\mysqld.exe (initiated by: unknown): Normal shutdown
2025-10-22 10:47:46 0 [Note] Event Scheduler: Purging the queue. 0 events
2025-10-22 10:47:46 0 [Note] InnoDB: FTS optimize thread exiting.
2025-10-22 10:47:46 0 [Note] InnoDB: Starting shutdown...
2025-10-22 10:47:46 0 [Note] InnoDB: Dumping buffer pool(s) to C:\xampp\mysql\data\ib_buffer_pool
2025-10-22 10:47:46 0 [Note] InnoDB: Instance 0, restricted to 250 pages due to innodb_buf_pool_dump_pct=25
2025-10-22 10:47:46 0 [Note] InnoDB: Buffer pool(s) dump completed at 251022 10:47:46
2025-10-22 10:47:47 0 [Note] InnoDB: Removed temporary tablespace data file: "ibtmp1"
2025-10-22 10:47:47 0 [Note] InnoDB: Shutdown completed; log sequence number 1112382; transaction id 1635
2025-10-22 10:47:47 0 [Note] C:\xampp\mysql\bin\mysqld.exe: Shutdown complete

2025-10-22 10:48:35 0 [Note] Starting MariaDB 10.4.32-MariaDB source revision c4143f909528e3fab0677a28631d10389354c491 as process 3868
2025-10-22 10:48:35 0 [Note] InnoDB: Mutexes and rw_locks use Windows interlocked functions
2025-10-22 10:48:35 0 [Note] InnoDB: Uses event mutexes
2025-10-22 10:48:35 0 [Note] InnoDB: Compressed tables use zlib 1.3
2025-10-22 10:48:35 0 [Note] InnoDB: Number of pools: 1
2025-10-22 10:48:35 0 [Note] InnoDB: Using SSE2 crc32 instructions
2025-10-22 10:48:35 0 [Note] InnoDB: Initializing buffer pool, total size = 16M, instances = 1, chunk size = 16M
2025-10-22 10:48:35 0 [Note] InnoDB: Completed initialization of buffer pool
2025-10-22 10:48:36 0 [Note] InnoDB: 128 out of 128 rollback segments are active.
2025-10-22 10:48:36 0 [Note] InnoDB: Creating shared tablespace for temporary tables
2025-10-22 10:48:36 0 [Note] InnoDB: Setting file 'C:\xampp\mysql\data\ibtmp1' size to 12 MB. Physically writing the file full; Please wait ...
2025-10-22 10:48:36 0 [Note] InnoDB: File 'C:\xampp\mysql\data\ibtmp1' size is now 12 MB.
2025-10-22 10:48:36 0 [Note] InnoDB: Waiting for purge to start
2025-10-22 10:48:36 0 [Note] InnoDB: 10.4.32 started; log sequence number 1112382; transaction id 1634
2025-10-22 10:48:36 0 [Note] InnoDB: Loading buffer pool(s) from C:\xampp\mysql\data\ib_buffer_pool
2025-10-22 10:48:36 0 [Note] Plugin 'FEEDBACK' is disabled.
2025-10-22 10:48:36 0 [Note] Server socket created on IP: '::'.
2025-10-22 10:48:36 0 [Note] InnoDB: Buffer pool(s) load completed at 251022 10:48:36
2025-10-22 10:48:36 0 [Note] Reading of all Master_info entries succeeded
2025-10-22 10:48:36 0 [Note] Added new Master_info '' to hash table
2025-10-22 10:48:36 0 [Note] C:\xampp\mysql\bin\mysqld.exe: ready for connections.
Version: '10.4.32-MariaDB'  socket: ''  port: 3306  mariadb.org binary distribution
2025-10-22 14:01:57 0 [Note] C:\xampp\mysql\bin\mysqld.exe (initiated by: unknown): Normal shutdown
2025-10-22 14:01:57 0 [Note] InnoDB: FTS optimize thread exiting.
2025-10-22 14:01:57 0 [Note] Event Scheduler: Purging the queue. 0 events
2025-10-22 14:01:58 0 [Note] InnoDB: Starting shutdown...
2025-10-22 14:01:58 0 [Note] InnoDB: Dumping buffer pool(s) to C:\xampp\mysql\data\ib_buffer_pool
2025-10-22 14:01:58 0 [Note] InnoDB: Instance 0, restricted to 250 pages due to innodb_buf_pool_dump_pct=25
2025-10-22 14:01:58 0 [Note] InnoDB: Buffer pool(s) dump completed at 251022 14:01:58
2025-10-22 14:01:58 0 [Note] InnoDB: Removed temporary tablespace data file: "ibtmp1"
2025-10-22 14:01:58 0 [Note] InnoDB: Shutdown completed; log sequence number 1114347; transaction id 1664
2025-10-22 14:01:58 0 [Note] C:\xampp\mysql\bin\mysqld.exe: Shutdown complete

2025-10-23  8:41:18 0 [Note] Starting MariaDB 10.4.32-MariaDB source revision c4143f909528e3fab0677a28631d10389354c491 as process 1480
2025-10-23  8:41:18 0 [Note] InnoDB: Mutexes and rw_locks use Windows interlocked functions
2025-10-23  8:41:18 0 [Note] InnoDB: Uses event mutexes
2025-10-23  8:41:18 0 [Note] InnoDB: Compressed tables use zlib 1.3
2025-10-23  8:41:18 0 [Note] InnoDB: Number of pools: 1
2025-10-23  8:41:18 0 [Note] InnoDB: Using SSE2 crc32 instructions
2025-10-23  8:41:18 0 [Note] InnoDB: Initializing buffer pool, total size = 16M, instances = 1, chunk size = 16M
2025-10-23  8:41:18 0 [Note] InnoDB: Completed initialization of buffer pool
2025-10-23  8:41:18 0 [Note] InnoDB: 128 out of 128 rollback segments are active.
2025-10-23  8:41:18 0 [Note] InnoDB: Creating shared tablespace for temporary tables
2025-10-23  8:41:18 0 [Note] InnoDB: Setting file 'C:\xampp\mysql\data\ibtmp1' size to 12 MB. Physically writing the file full; Please wait ...
2025-10-23  8:41:18 0 [Note] InnoDB: File 'C:\xampp\mysql\data\ibtmp1' size is now 12 MB.
2025-10-23  8:41:18 0 [Note] InnoDB: Waiting for purge to start
2025-10-23  8:41:18 0 [Note] InnoDB: 10.4.32 started; log sequence number 1114347; transaction id 1665
2025-10-23  8:41:18 0 [Note] InnoDB: Loading buffer pool(s) from C:\xampp\mysql\data\ib_buffer_pool
2025-10-23  8:41:18 0 [Note] Plugin 'FEEDBACK' is disabled.
2025-10-23  8:41:18 0 [Note] Server socket created on IP: '::'.
2025-10-23  8:41:19 0 [Note] InnoDB: Buffer pool(s) load completed at 251023  8:41:19
2025-10-23  8:41:19 0 [Note] Reading of all Master_info entries succeeded
2025-10-23  8:41:19 0 [Note] Added new Master_info '' to hash table
2025-10-23  8:41:19 0 [Note] C:\xampp\mysql\bin\mysqld.exe: ready for connections.
Version: '10.4.32-MariaDB'  socket: ''  port: 3306  mariadb.org binary distribution
2025-10-23 14:01:45 0 [Note] C:\xampp\mysql\bin\mysqld.exe (initiated by: unknown): Normal shutdown
2025-10-23 14:01:45 0 [Note] Event Scheduler: Purging the queue. 0 events
2025-10-23 14:01:45 0 [Note] InnoDB: FTS optimize thread exiting.
2025-10-23 14:01:45 0 [Note] InnoDB: Starting shutdown...
2025-10-23 14:01:45 0 [Note] InnoDB: Dumping buffer pool(s) to C:\xampp\mysql\data\ib_buffer_pool
2025-10-23 14:01:45 0 [Note] InnoDB: Instance 0, restricted to 250 pages due to innodb_buf_pool_dump_pct=25
2025-10-23 14:01:45 0 [Note] InnoDB: Buffer pool(s) dump completed at 251023 14:01:45
2025-10-23 14:01:46 0 [Note] InnoDB: Removed temporary tablespace data file: "ibtmp1"
2025-10-23 14:01:46 0 [Note] InnoDB: Shutdown completed; log sequence number 1115616; transaction id 1675
2025-10-23 14:01:46 0 [Note] C:\xampp\mysql\bin\mysqld.exe: Shutdown complete

2025-10-29 10:52:28 0 [Note] Starting MariaDB 10.4.32-MariaDB source revision c4143f909528e3fab0677a28631d10389354c491 as process 4164
2025-10-29 10:52:28 0 [Note] InnoDB: Mutexes and rw_locks use Windows interlocked functions
2025-10-29 10:52:28 0 [Note] InnoDB: Uses event mutexes
2025-10-29 10:52:28 0 [Note] InnoDB: Compressed tables use zlib 1.3
2025-10-29 10:52:28 0 [Note] InnoDB: Number of pools: 1
2025-10-29 10:52:28 0 [Note] InnoDB: Using SSE2 crc32 instructions
2025-10-29 10:52:28 0 [Note] InnoDB: Initializing buffer pool, total size = 16M, instances = 1, chunk size = 16M
2025-10-29 10:52:28 0 [Note] InnoDB: Completed initialization of buffer pool
2025-10-29 10:52:29 0 [Note] InnoDB: 128 out of 128 rollback segments are active.
2025-10-29 10:52:29 0 [Note] InnoDB: Creating shared tablespace for temporary tables
2025-10-29 10:52:29 0 [Note] InnoDB: Setting file 'C:\xampp\mysql\data\ibtmp1' size to 12 MB. Physically writing the file full; Please wait ...
2025-10-29 10:52:29 0 [Note] InnoDB: File 'C:\xampp\mysql\data\ibtmp1' size is now 12 MB.
2025-10-29 10:52:29 0 [Note] InnoDB: Waiting for purge to start
2025-10-29 10:52:29 0 [Note] InnoDB: 10.4.32 started; log sequence number 1115616; transaction id 1676
2025-10-29 10:52:29 0 [Note] InnoDB: Loading buffer pool(s) from C:\xampp\mysql\data\ib_buffer_pool
2025-10-29 10:52:29 0 [Note] Plugin 'FEEDBACK' is disabled.
2025-10-29 10:52:29 0 [Note] Server socket created on IP: '::'.
2025-10-29 10:52:30 0 [Note] InnoDB: Buffer pool(s) load completed at 251029 10:52:30
2025-10-29 10:52:30 0 [Note] Reading of all Master_info entries succeeded
2025-10-29 10:52:30 0 [Note] Added new Master_info '' to hash table
2025-10-29 10:52:30 0 [Note] C:\xampp\mysql\bin\mysqld.exe: ready for connections.
Version: '10.4.32-MariaDB'  socket: ''  port: 3306  mariadb.org binary distribution
2025-10-30 10:15:53 0 [Note] Starting MariaDB 10.4.32-MariaDB source revision c4143f909528e3fab0677a28631d10389354c491 as process 3988
2025-10-30 10:15:53 0 [Note] InnoDB: Mutexes and rw_locks use Windows interlocked functions
2025-10-30 10:15:53 0 [Note] InnoDB: Uses event mutexes
2025-10-30 10:15:53 0 [Note] InnoDB: Compressed tables use zlib 1.3
2025-10-30 10:15:53 0 [Note] InnoDB: Number of pools: 1
2025-10-30 10:15:53 0 [Note] InnoDB: Using SSE2 crc32 instructions
2025-10-30 10:15:53 0 [Note] InnoDB: Initializing buffer pool, total size = 16M, instances = 1, chunk size = 16M
2025-10-30 10:15:53 0 [Note] InnoDB: Completed initialization of buffer pool
2025-10-30 10:15:53 0 [Note] InnoDB: Starting crash recovery from checkpoint LSN=1115719
2025-10-30 10:15:54 0 [Note] InnoDB: 128 out of 128 rollback segments are active.
2025-10-30 10:15:54 0 [Note] InnoDB: Removed temporary tablespace data file: "ibtmp1"
2025-10-30 10:15:54 0 [Note] InnoDB: Creating shared tablespace for temporary tables
2025-10-30 10:15:54 0 [Note] InnoDB: Setting file 'C:\xampp\mysql\data\ibtmp1' size to 12 MB. Physically writing the file full; Please wait ...
2025-10-30 10:15:54 0 [Note] InnoDB: File 'C:\xampp\mysql\data\ibtmp1' size is now 12 MB.
2025-10-30 10:15:54 0 [Note] InnoDB: Waiting for purge to start
2025-10-30 10:15:54 0 [Note] InnoDB: 10.4.32 started; log sequence number 1115728; transaction id 1676
2025-10-30 10:15:54 0 [Note] InnoDB: Loading buffer pool(s) from C:\xampp\mysql\data\ib_buffer_pool
2025-10-30 10:15:54 0 [Note] Plugin 'FEEDBACK' is disabled.
2025-10-30 10:15:54 0 [Note] Server socket created on IP: '::'.
2025-10-30 10:15:54 0 [Note] InnoDB: Buffer pool(s) load completed at 251030 10:15:54
2025-10-30 10:15:54 0 [Note] Reading of all Master_info entries succeeded
2025-10-30 10:15:54 0 [Note] Added new Master_info '' to hash table
2025-10-30 10:15:54 0 [Note] C:\xampp\mysql\bin\mysqld.exe: ready for connections.
Version: '10.4.32-MariaDB'  socket: ''  port: 3306  mariadb.org binary distribution
2025-10-30 10:54:13 0 [Note] C:\xampp\mysql\bin\mysqld.exe (initiated by: unknown): Normal shutdown
2025-10-30 10:54:13 0 [Note] Event Scheduler: Purging the queue. 0 events
2025-10-30 10:54:13 0 [Note] InnoDB: FTS optimize thread exiting.
2025-10-30 10:54:14 0 [Note] InnoDB: Starting shutdown...
2025-10-30 10:54:14 0 [Note] InnoDB: Dumping buffer pool(s) to C:\xampp\mysql\data\ib_buffer_pool
2025-10-30 10:54:14 0 [Note] InnoDB: Instance 0, restricted to 250 pages due to innodb_buf_pool_dump_pct=25
2025-10-30 10:54:14 0 [Note] InnoDB: Buffer pool(s) dump completed at 251030 10:54:14
2025-10-30 10:54:14 0 [Note] InnoDB: Removed temporary tablespace data file: "ibtmp1"
2025-10-30 10:54:14 0 [Note] InnoDB: Shutdown completed; log sequence number 1115746; transaction id 1677
2025-10-30 10:54:14 0 [Note] C:\xampp\mysql\bin\mysqld.exe: Shutdown complete

2025-10-30 23:58:46 0 [Note] Starting MariaDB 10.4.32-MariaDB source revision c4143f909528e3fab0677a28631d10389354c491 as process 4192
2025-10-30 23:58:47 0 [Note] InnoDB: Mutexes and rw_locks use Windows interlocked functions
2025-10-30 23:58:47 0 [Note] InnoDB: Uses event mutexes
2025-10-30 23:58:47 0 [Note] InnoDB: Compressed tables use zlib 1.3
2025-10-30 23:58:47 0 [Note] InnoDB: Number of pools: 1
2025-10-30 23:58:47 0 [Note] InnoDB: Using SSE2 crc32 instructions
2025-10-30 23:58:47 0 [Note] InnoDB: Initializing buffer pool, total size = 16M, instances = 1, chunk size = 16M
2025-10-30 23:58:47 0 [Note] InnoDB: Completed initialization of buffer pool
2025-10-30 23:58:47 0 [Note] InnoDB: 128 out of 128 rollback segments are active.
2025-10-30 23:58:47 0 [Note] InnoDB: Creating shared tablespace for temporary tables
2025-10-30 23:58:47 0 [Note] InnoDB: Setting file 'C:\xampp\mysql\data\ibtmp1' size to 12 MB. Physically writing the file full; Please wait ...
2025-10-30 23:58:47 0 [Note] InnoDB: File 'C:\xampp\mysql\data\ibtmp1' size is now 12 MB.
2025-10-30 23:58:47 0 [Note] InnoDB: Waiting for purge to start
2025-10-30 23:58:47 0 [Note] InnoDB: 10.4.32 started; log sequence number 1115746; transaction id 1676
2025-10-30 23:58:47 0 [Note] InnoDB: Loading buffer pool(s) from C:\xampp\mysql\data\ib_buffer_pool
2025-10-30 23:58:47 0 [Note] Plugin 'FEEDBACK' is disabled.
2025-10-30 23:58:47 0 [Note] Server socket created on IP: '::'.
2025-10-30 23:58:47 0 [Note] InnoDB: Buffer pool(s) load completed at 251030 23:58:47
2025-10-30 23:58:47 0 [Note] Reading of all Master_info entries succeeded
2025-10-30 23:58:47 0 [Note] Added new Master_info '' to hash table
2025-10-30 23:58:47 0 [Note] C:\xampp\mysql\bin\mysqld.exe: ready for connections.
Version: '10.4.32-MariaDB'  socket: ''  port: 3306  mariadb.org binary distribution
2025-11-02  0:20:47 0 [Note] C:\xampp\mysql\bin\mysqld.exe (initiated by: unknown): Normal shutdown
2025-11-02  0:20:47 0 [Note] Event Scheduler: Purging the queue. 0 events
2025-11-02  0:20:47 0 [Note] InnoDB: FTS optimize thread exiting.
2025-11-02  0:20:48 0 [Note] InnoDB: Starting shutdown...
2025-11-02  0:20:48 0 [Note] InnoDB: Dumping buffer pool(s) to C:\xampp\mysql\data\ib_buffer_pool
2025-11-02  0:20:48 0 [Note] InnoDB: Instance 0, restricted to 250 pages due to innodb_buf_pool_dump_pct=25
2025-11-02  0:20:48 0 [Note] InnoDB: Buffer pool(s) dump completed at 251102  0:20:48
2025-11-02  0:20:48 0 [Note] InnoDB: Removed temporary tablespace data file: "ibtmp1"
2025-11-02  0:20:48 0 [Note] InnoDB: Shutdown completed; log sequence number 1118342; transaction id 1696
2025-11-02  0:20:48 0 [Note] C:\xampp\mysql\bin\mysqld.exe: Shutdown complete

2025-11-02  0:21:25 0 [Note] Starting MariaDB 10.4.32-MariaDB source revision c4143f909528e3fab0677a28631d10389354c491 as process 3664
2025-11-02  0:21:25 0 [Note] InnoDB: Mutexes and rw_locks use Windows interlocked functions
2025-11-02  0:21:25 0 [Note] InnoDB: Uses event mutexes
2025-11-02  0:21:25 0 [Note] InnoDB: Compressed tables use zlib 1.3
2025-11-02  0:21:25 0 [Note] InnoDB: Number of pools: 1
2025-11-02  0:21:25 0 [Note] InnoDB: Using SSE2 crc32 instructions
2025-11-02  0:21:25 0 [Note] InnoDB: Initializing buffer pool, total size = 16M, instances = 1, chunk size = 16M
2025-11-02  0:21:25 0 [Note] InnoDB: Completed initialization of buffer pool
2025-11-02  0:21:26 0 [Note] InnoDB: 128 out of 128 rollback segments are active.
2025-11-02  0:21:26 0 [Note] InnoDB: Creating shared tablespace for temporary tables
2025-11-02  0:21:26 0 [Note] InnoDB: Setting file 'C:\xampp\mysql\data\ibtmp1' size to 12 MB. Physically writing the file full; Please wait ...
2025-11-02  0:21:26 0 [Note] InnoDB: File 'C:\xampp\mysql\data\ibtmp1' size is now 12 MB.
2025-11-02  0:21:26 0 [Note] InnoDB: Waiting for purge to start
2025-11-02  0:21:26 0 [Note] InnoDB: 10.4.32 started; log sequence number 1118342; transaction id 1691
2025-11-02  0:21:26 0 [Note] InnoDB: Loading buffer pool(s) from C:\xampp\mysql\data\ib_buffer_pool
2025-11-02  0:21:26 0 [Note] Plugin 'FEEDBACK' is disabled.
2025-11-02  0:21:26 0 [Note] Server socket created on IP: '::'.
2025-11-02  0:21:26 0 [Note] InnoDB: Buffer pool(s) load completed at 251102  0:21:26
2025-11-02  0:21:26 0 [Note] Reading of all Master_info entries succeeded
2025-11-02  0:21:26 0 [Note] Added new Master_info '' to hash table
2025-11-02  0:21:26 0 [Note] C:\xampp\mysql\bin\mysqld.exe: ready for connections.
Version: '10.4.32-MariaDB'  socket: ''  port: 3306  mariadb.org binary distribution
2025-11-02  0:23:49 0 [Note] C:\xampp\mysql\bin\mysqld.exe (initiated by: unknown): Normal shutdown
2025-11-02  0:23:49 0 [Note] Event Scheduler: Purging the queue. 0 events
2025-11-02  0:23:49 0 [Note] InnoDB: FTS optimize thread exiting.
2025-11-02  0:23:49 0 [Note] InnoDB: Starting shutdown...
2025-11-02  0:23:49 0 [Note] InnoDB: Dumping buffer pool(s) to C:\xampp\mysql\data\ib_buffer_pool
2025-11-02  0:23:49 0 [Note] InnoDB: Instance 0, restricted to 250 pages due to innodb_buf_pool_dump_pct=25
2025-11-02  0:23:49 0 [Note] InnoDB: Buffer pool(s) dump completed at 251102  0:23:49
2025-11-02  0:23:50 0 [Note] InnoDB: Removed temporary tablespace data file: "ibtmp1"
2025-11-02  0:23:50 0 [Note] InnoDB: Shutdown completed; log sequence number 1118351; transaction id 1692
2025-11-02  0:23:50 0 [Note] C:\xampp\mysql\bin\mysqld.exe: Shutdown complete

2025-11-02  0:24:23 0 [Note] Starting MariaDB 10.4.32-MariaDB source revision c4143f909528e3fab0677a28631d10389354c491 as process 3776
2025-11-02  0:24:23 0 [Note] InnoDB: Mutexes and rw_locks use Windows interlocked functions
2025-11-02  0:24:23 0 [Note] InnoDB: Uses event mutexes
2025-11-02  0:24:23 0 [Note] InnoDB: Compressed tables use zlib 1.3
2025-11-02  0:24:23 0 [Note] InnoDB: Number of pools: 1
2025-11-02  0:24:23 0 [Note] InnoDB: Using SSE2 crc32 instructions
2025-11-02  0:24:23 0 [Note] InnoDB: Initializing buffer pool, total size = 16M, instances = 1, chunk size = 16M
2025-11-02  0:24:23 0 [Note] InnoDB: Completed initialization of buffer pool
2025-11-02  0:24:23 0 [Note] InnoDB: 128 out of 128 rollback segments are active.
2025-11-02  0:24:23 0 [Note] InnoDB: Creating shared tablespace for temporary tables
2025-11-02  0:24:23 0 [Note] InnoDB: Setting file 'C:\xampp\mysql\data\ibtmp1' size to 12 MB. Physically writing the file full; Please wait ...
2025-11-02  0:24:23 0 [Note] InnoDB: File 'C:\xampp\mysql\data\ibtmp1' size is now 12 MB.
2025-11-02  0:24:24 0 [Note] InnoDB: Waiting for purge to start
2025-11-02  0:24:24 0 [Note] InnoDB: 10.4.32 started; log sequence number 1118351; transaction id 1691
2025-11-02  0:24:24 0 [Note] InnoDB: Loading buffer pool(s) from C:\xampp\mysql\data\ib_buffer_pool
2025-11-02  0:24:24 0 [Note] Plugin 'FEEDBACK' is disabled.
2025-11-02  0:24:24 0 [Note] Server socket created on IP: '::'.
2025-11-02  0:24:24 0 [Note] InnoDB: Buffer pool(s) load completed at 251102  0:24:24
2025-11-02  0:24:24 0 [Note] Reading of all Master_info entries succeeded
2025-11-02  0:24:24 0 [Note] Added new Master_info '' to hash table
2025-11-02  0:24:24 0 [Note] C:\xampp\mysql\bin\mysqld.exe: ready for connections.
Version: '10.4.32-MariaDB'  socket: ''  port: 3306  mariadb.org binary distribution
2025-11-02 13:42:00 0 [Note] Starting MariaDB 10.4.32-MariaDB source revision c4143f909528e3fab0677a28631d10389354c491 as process 2448
2025-11-02 13:42:00 0 [Note] InnoDB: Mutexes and rw_locks use Windows interlocked functions
2025-11-02 13:42:00 0 [Note] InnoDB: Uses event mutexes
2025-11-02 13:42:00 0 [Note] InnoDB: Compressed tables use zlib 1.3
2025-11-02 13:42:00 0 [Note] InnoDB: Number of pools: 1
2025-11-02 13:42:00 0 [Note] InnoDB: Using SSE2 crc32 instructions
2025-11-02 13:42:00 0 [Note] InnoDB: Initializing buffer pool, total size = 16M, instances = 1, chunk size = 16M
2025-11-02 13:42:00 0 [Note] InnoDB: Completed initialization of buffer pool
2025-11-02 13:42:00 0 [Note] InnoDB: Starting crash recovery from checkpoint LSN=1118351
2025-11-02 13:42:00 0 [Note] InnoDB: 128 out of 128 rollback segments are active.
2025-11-02 13:42:00 0 [Note] InnoDB: Removed temporary tablespace data file: "ibtmp1"
2025-11-02 13:42:00 0 [Note] InnoDB: Creating shared tablespace for temporary tables
2025-11-02 13:42:00 0 [Note] InnoDB: Setting file 'C:\xampp\mysql\data\ibtmp1' size to 12 MB. Physically writing the file full; Please wait ...
2025-11-02 13:42:00 0 [Note] InnoDB: File 'C:\xampp\mysql\data\ibtmp1' size is now 12 MB.
2025-11-02 13:42:00 0 [Note] InnoDB: Waiting for purge to start
2025-11-02 13:42:00 0 [Note] InnoDB: 10.4.32 started; log sequence number 1118360; transaction id 1691
2025-11-02 13:42:00 0 [Note] InnoDB: Loading buffer pool(s) from C:\xampp\mysql\data\ib_buffer_pool
2025-11-02 13:42:00 0 [Note] Plugin 'FEEDBACK' is disabled.
2025-11-02 13:42:00 0 [Note] Server socket created on IP: '::'.
2025-11-02 13:42:00 0 [Note] InnoDB: Buffer pool(s) load completed at 251102 13:42:00
2025-11-02 13:42:01 0 [Note] Reading of all Master_info entries succeeded
2025-11-02 13:42:01 0 [Note] Added new Master_info '' to hash table
2025-11-02 13:42:01 0 [Note] C:\xampp\mysql\bin\mysqld.exe: ready for connections.
Version: '10.4.32-MariaDB'  socket: ''  port: 3306  mariadb.org binary distribution
2025-11-02 14:38:44 0 [Note] C:\xampp\mysql\bin\mysqld.exe (initiated by: unknown): Normal shutdown
2025-11-02 14:38:44 0 [Note] Event Scheduler: Purging the queue. 0 events
2025-11-02 14:38:44 0 [Note] InnoDB: FTS optimize thread exiting.
2025-11-02 14:38:44 0 [Note] InnoDB: Starting shutdown...
2025-11-02 14:38:44 0 [Note] InnoDB: Dumping buffer pool(s) to C:\xampp\mysql\data\ib_buffer_pool
2025-11-02 14:38:44 0 [Note] InnoDB: Instance 0, restricted to 250 pages due to innodb_buf_pool_dump_pct=25
2025-11-02 14:38:44 0 [Note] InnoDB: Buffer pool(s) dump completed at 251102 14:38:44
2025-11-02 14:38:45 0 [Note] InnoDB: Removed temporary tablespace data file: "ibtmp1"
2025-11-02 14:38:45 0 [Note] InnoDB: Shutdown completed; log sequence number 1118378; transaction id 1693
2025-11-02 14:38:45 0 [Note] C:\xampp\mysql\bin\mysqld.exe: Shutdown complete

2025-11-02 14:40:15 0 [Note] Starting MariaDB 10.4.32-MariaDB source revision c4143f909528e3fab0677a28631d10389354c491 as process 3748
2025-11-02 14:40:15 0 [Note] InnoDB: Mutexes and rw_locks use Windows interlocked functions
2025-11-02 14:40:15 0 [Note] InnoDB: Uses event mutexes
2025-11-02 14:40:15 0 [Note] InnoDB: Compressed tables use zlib 1.3
2025-11-02 14:40:15 0 [Note] InnoDB: Number of pools: 1
2025-11-02 14:40:15 0 [Note] InnoDB: Using SSE2 crc32 instructions
2025-11-02 14:40:15 0 [Note] InnoDB: Initializing buffer pool, total size = 16M, instances = 1, chunk size = 16M
2025-11-02 14:40:15 0 [Note] InnoDB: Completed initialization of buffer pool
2025-11-02 14:40:15 0 [Note] InnoDB: 128 out of 128 rollback segments are active.
2025-11-02 14:40:15 0 [Note] InnoDB: Creating shared tablespace for temporary tables
2025-11-02 14:40:15 0 [Note] InnoDB: Setting file 'C:\xampp\mysql\data\ibtmp1' size to 12 MB. Physically writing the file full; Please wait ...
2025-11-02 14:40:15 0 [Note] InnoDB: File 'C:\xampp\mysql\data\ibtmp1' size is now 12 MB.
2025-11-02 14:40:15 0 [Note] InnoDB: 10.4.32 started; log sequence number 1118378; transaction id 1691
2025-11-02 14:40:15 0 [Note] InnoDB: Loading buffer pool(s) from C:\xampp\mysql\data\ib_buffer_pool
2025-11-02 14:40:15 0 [Note] Plugin 'FEEDBACK' is disabled.
2025-11-02 14:40:15 0 [Note] InnoDB: Buffer pool(s) load completed at 251102 14:40:15
2025-11-02 14:40:15 0 [Note] Server socket created on IP: '::'.
2025-11-02 14:40:16 0 [Note] Reading of all Master_info entries succeeded
2025-11-02 14:40:16 0 [Note] Added new Master_info '' to hash table
2025-11-02 14:40:16 0 [Note] C:\xampp\mysql\bin\mysqld.exe: ready for connections.
Version: '10.4.32-MariaDB'  socket: ''  port: 3306  mariadb.org binary distribution
2025-11-03  8:18:52 0 [Note] Starting MariaDB 10.4.32-MariaDB source revision c4143f909528e3fab0677a28631d10389354c491 as process 4100
2025-11-03  8:18:52 0 [Note] InnoDB: Mutexes and rw_locks use Windows interlocked functions
2025-11-03  8:18:52 0 [Note] InnoDB: Uses event mutexes
2025-11-03  8:18:52 0 [Note] InnoDB: Compressed tables use zlib 1.3
2025-11-03  8:18:52 0 [Note] InnoDB: Number of pools: 1
2025-11-03  8:18:52 0 [Note] InnoDB: Using SSE2 crc32 instructions
2025-11-03  8:18:52 0 [Note] InnoDB: Initializing buffer pool, total size = 16M, instances = 1, chunk size = 16M
2025-11-03  8:18:52 0 [Note] InnoDB: Completed initialization of buffer pool
2025-11-03  8:18:53 0 [Note] InnoDB: Starting crash recovery from checkpoint LSN=1118378
2025-11-03  8:18:53 0 [Note] InnoDB: 128 out of 128 rollback segments are active.
2025-11-03  8:18:53 0 [Note] InnoDB: Removed temporary tablespace data file: "ibtmp1"
2025-11-03  8:18:53 0 [Note] InnoDB: Creating shared tablespace for temporary tables
2025-11-03  8:18:53 0 [Note] InnoDB: Setting file 'C:\xampp\mysql\data\ibtmp1' size to 12 MB. Physically writing the file full; Please wait ...
2025-11-03  8:18:53 0 [Note] InnoDB: File 'C:\xampp\mysql\data\ibtmp1' size is now 12 MB.
2025-11-03  8:18:53 0 [Note] InnoDB: Waiting for purge to start
2025-11-03  8:18:53 0 [Note] InnoDB: 10.4.32 started; log sequence number 1118387; transaction id 1691
2025-11-03  8:18:53 0 [Note] InnoDB: Loading buffer pool(s) from C:\xampp\mysql\data\ib_buffer_pool
2025-11-03  8:18:53 0 [Note] Plugin 'FEEDBACK' is disabled.
2025-11-03  8:18:53 0 [Note] Server socket created on IP: '::'.
2025-11-03  8:18:53 0 [Note] InnoDB: Buffer pool(s) load completed at 251103  8:18:53
2025-11-03  8:18:54 0 [Note] Reading of all Master_info entries succeeded
2025-11-03  8:18:54 0 [Note] Added new Master_info '' to hash table
2025-11-03  8:18:54 0 [Note] C:\xampp\mysql\bin\mysqld.exe: ready for connections.
Version: '10.4.32-MariaDB'  socket: ''  port: 3306  mariadb.org binary distribution
2025-11-11  1:01:36 2379 [Warning] Access denied for user ''@'localhost' (using password: NO)
2025-11-13  0:31:09 0 [Note] C:\xampp\mysql\bin\mysqld.exe (initiated by: unknown): Normal shutdown
2025-11-13  0:31:09 0 [Note] Event Scheduler: Purging the queue. 0 events
2025-11-13  0:31:09 0 [Note] InnoDB: FTS optimize thread exiting.
2025-11-13  0:31:09 0 [Note] InnoDB: Starting shutdown...
2025-11-13  0:31:09 0 [Note] InnoDB: Dumping buffer pool(s) to C:\xampp\mysql\data\ib_buffer_pool
2025-11-13  0:31:09 0 [Note] InnoDB: Instance 0, restricted to 250 pages due to innodb_buf_pool_dump_pct=25
2025-11-13  0:31:09 0 [Note] InnoDB: Buffer pool(s) dump completed at 251113  0:31:09
2025-11-13  0:31:10 0 [Note] InnoDB: Removed temporary tablespace data file: "ibtmp1"
2025-11-13  0:31:10 0 [Note] InnoDB: Shutdown completed; log sequence number 1634512; transaction id 2258
2025-11-13  0:31:10 0 [Note] C:\xampp\mysql\bin\mysqld.exe: Shutdown complete

2025-11-13  0:31:51 0 [Note] Starting MariaDB 10.4.32-MariaDB source revision c4143f909528e3fab0677a28631d10389354c491 as process 3696
2025-11-13  0:31:51 0 [Note] InnoDB: Mutexes and rw_locks use Windows interlocked functions
2025-11-13  0:31:51 0 [Note] InnoDB: Uses event mutexes
2025-11-13  0:31:51 0 [Note] InnoDB: Compressed tables use zlib 1.3
2025-11-13  0:31:51 0 [Note] InnoDB: Number of pools: 1
2025-11-13  0:31:51 0 [Note] InnoDB: Using SSE2 crc32 instructions
2025-11-13  0:31:51 0 [Note] InnoDB: Initializing buffer pool, total size = 16M, instances = 1, chunk size = 16M
2025-11-13  0:31:51 0 [Note] InnoDB: Completed initialization of buffer pool
2025-11-13  0:31:51 0 [Note] InnoDB: 128 out of 128 rollback segments are active.
2025-11-13  0:31:51 0 [Note] InnoDB: Creating shared tablespace for temporary tables
2025-11-13  0:31:51 0 [Note] InnoDB: Setting file 'C:\xampp\mysql\data\ibtmp1' size to 12 MB. Physically writing the file full; Please wait ...
2025-11-13  0:31:51 0 [Note] InnoDB: File 'C:\xampp\mysql\data\ibtmp1' size is now 12 MB.
2025-11-13  0:31:51 0 [Note] InnoDB: Waiting for purge to start
2025-11-13  0:31:51 0 [Note] InnoDB: 10.4.32 started; log sequence number 1634512; transaction id 2259
2025-11-13  0:31:51 0 [Note] InnoDB: Loading buffer pool(s) from C:\xampp\mysql\data\ib_buffer_pool
2025-11-13  0:31:51 0 [Note] Plugin 'FEEDBACK' is disabled.
2025-11-13  0:31:52 0 [Note] Server socket created on IP: '::'.
2025-11-13  0:31:52 0 [Note] InnoDB: Buffer pool(s) load completed at 251113  0:31:52
2025-11-13  0:31:52 0 [Note] Reading of all Master_info entries succeeded
2025-11-13  0:31:52 0 [Note] Added new Master_info '' to hash table
2025-11-13  0:31:52 0 [Note] C:\xampp\mysql\bin\mysqld.exe: ready for connections.
Version: '10.4.32-MariaDB'  socket: ''  port: 3306  mariadb.org binary distribution
2025-11-13  0:33:28 0 [Note] C:\xampp\mysql\bin\mysqld.exe (initiated by: unknown): Normal shutdown
2025-11-13  0:33:28 0 [Note] Event Scheduler: Purging the queue. 0 events
2025-11-13  0:33:28 0 [Note] InnoDB: FTS optimize thread exiting.
2025-11-13  0:33:28 0 [Note] InnoDB: Starting shutdown...
2025-11-13  0:33:28 0 [Note] InnoDB: Dumping buffer pool(s) to C:\xampp\mysql\data\ib_buffer_pool
2025-11-13  0:33:28 0 [Note] InnoDB: Instance 0, restricted to 250 pages due to innodb_buf_pool_dump_pct=25
2025-11-13  0:33:28 0 [Note] InnoDB: Buffer pool(s) dump completed at 251113  0:33:28
2025-11-13  0:33:29 0 [Note] InnoDB: Removed temporary tablespace data file: "ibtmp1"
2025-11-13  0:33:29 0 [Note] InnoDB: Shutdown completed; log sequence number 1634521; transaction id 2260
2025-11-13  0:33:29 0 [Note] C:\xampp\mysql\bin\mysqld.exe: Shutdown complete

2025-11-13  0:34:02 0 [Note] Starting MariaDB 10.4.32-MariaDB source revision c4143f909528e3fab0677a28631d10389354c491 as process 3764
2025-11-13  0:34:02 0 [Note] InnoDB: Mutexes and rw_locks use Windows interlocked functions
2025-11-13  0:34:02 0 [Note] InnoDB: Uses event mutexes
2025-11-13  0:34:02 0 [Note] InnoDB: Compressed tables use zlib 1.3
2025-11-13  0:34:02 0 [Note] InnoDB: Number of pools: 1
2025-11-13  0:34:02 0 [Note] InnoDB: Using SSE2 crc32 instructions
2025-11-13  0:34:02 0 [Note] InnoDB: Initializing buffer pool, total size = 16M, instances = 1, chunk size = 16M
2025-11-13  0:34:02 0 [Note] InnoDB: Completed initialization of buffer pool
2025-11-13  0:34:03 0 [Note] InnoDB: 128 out of 128 rollback segments are active.
2025-11-13  0:34:03 0 [Note] InnoDB: Creating shared tablespace for temporary tables
2025-11-13  0:34:03 0 [Note] InnoDB: Setting file 'C:\xampp\mysql\data\ibtmp1' size to 12 MB. Physically writing the file full; Please wait ...
2025-11-13  0:34:03 0 [Note] InnoDB: File 'C:\xampp\mysql\data\ibtmp1' size is now 12 MB.
2025-11-13  0:34:03 0 [Note] InnoDB: Waiting for purge to start
2025-11-13  0:34:03 0 [Note] InnoDB: 10.4.32 started; log sequence number 1634521; transaction id 2259
2025-11-13  0:34:03 0 [Note] InnoDB: Loading buffer pool(s) from C:\xampp\mysql\data\ib_buffer_pool
2025-11-13  0:34:03 0 [Note] Plugin 'FEEDBACK' is disabled.
2025-11-13  0:34:03 0 [Note] Server socket created on IP: '::'.
2025-11-13  0:34:03 0 [Note] InnoDB: Buffer pool(s) load completed at 251113  0:34:03
2025-11-13  0:34:03 0 [Note] Reading of all Master_info entries succeeded
2025-11-13  0:34:03 0 [Note] Added new Master_info '' to hash table
2025-11-13  0:34:03 0 [Note] C:\xampp\mysql\bin\mysqld.exe: ready for connections.
Version: '10.4.32-MariaDB'  socket: ''  port: 3306  mariadb.org binary distribution
2025-11-20 21:25:22 0 [Note] Starting MariaDB 10.4.32-MariaDB source revision c4143f909528e3fab0677a28631d10389354c491 as process 4160
2025-11-20 21:25:22 0 [Note] mysqld.exe: Aria engine: starting recovery
tables to flush: 1 0
 (0.0 seconds); 
2025-11-20 21:25:22 0 [Note] mysqld.exe: Aria engine: recovery done
2025-11-20 21:25:22 0 [Note] InnoDB: Mutexes and rw_locks use Windows interlocked functions
2025-11-20 21:25:22 0 [Note] InnoDB: Uses event mutexes
2025-11-20 21:25:22 0 [Note] InnoDB: Compressed tables use zlib 1.3
2025-11-20 21:25:22 0 [Note] InnoDB: Number of pools: 1
2025-11-20 21:25:22 0 [Note] InnoDB: Using SSE2 crc32 instructions
2025-11-20 21:25:22 0 [Note] InnoDB: Initializing buffer pool, total size = 16M, instances = 1, chunk size = 16M
2025-11-20 21:25:22 0 [Note] InnoDB: Completed initialization of buffer pool
2025-11-20 21:25:22 0 [Note] InnoDB: Starting crash recovery from checkpoint LSN=1851484
2025-11-20 21:25:22 0 [Note] InnoDB: 128 out of 128 rollback segments are active.
2025-11-20 21:25:22 0 [Note] InnoDB: Removed temporary tablespace data file: "ibtmp1"
2025-11-20 21:25:22 0 [Note] InnoDB: Creating shared tablespace for temporary tables
2025-11-20 21:25:22 0 [Note] InnoDB: Setting file 'C:\xampp\mysql\data\ibtmp1' size to 12 MB. Physically writing the file full; Please wait ...
2025-11-20 21:25:22 0 [Note] InnoDB: File 'C:\xampp\mysql\data\ibtmp1' size is now 12 MB.
2025-11-20 21:25:22 0 [Note] InnoDB: Waiting for purge to start
2025-11-20 21:25:22 0 [Note] InnoDB: 10.4.32 started; log sequence number 1851493; transaction id 2596
2025-11-20 21:25:22 0 [Note] InnoDB: Loading buffer pool(s) from C:\xampp\mysql\data\ib_buffer_pool
2025-11-20 21:25:22 0 [Note] Plugin 'FEEDBACK' is disabled.
2025-11-20 21:25:22 0 [Note] Server socket created on IP: '::'.
2025-11-20 21:25:22 0 [Note] InnoDB: Buffer pool(s) load completed at 251120 21:25:22
2025-11-20 21:25:22 0 [Note] Reading of all Master_info entries succeeded
2025-11-20 21:25:22 0 [Note] Added new Master_info '' to hash table
2025-11-20 21:25:22 0 [Note] C:\xampp\mysql\bin\mysqld.exe: ready for connections.
Version: '10.4.32-MariaDB'  socket: ''  port: 3306  mariadb.org binary distribution
2025-11-30 19:43:19 0 [Note] Starting MariaDB 10.4.32-MariaDB source revision c4143f909528e3fab0677a28631d10389354c491 as process 4148
2025-11-30 19:43:19 0 [Note] InnoDB: Mutexes and rw_locks use Windows interlocked functions
2025-11-30 19:43:19 0 [Note] InnoDB: Uses event mutexes
2025-11-30 19:43:19 0 [Note] InnoDB: Compressed tables use zlib 1.3
2025-11-30 19:43:19 0 [Note] InnoDB: Number of pools: 1
2025-11-30 19:43:19 0 [Note] InnoDB: Using SSE2 crc32 instructions
2025-11-30 19:43:19 0 [Note] InnoDB: Initializing buffer pool, total size = 16M, instances = 1, chunk size = 16M
2025-11-30 19:43:19 0 [Note] InnoDB: Completed initialization of buffer pool
2025-11-30 19:43:19 0 [Note] InnoDB: Starting crash recovery from checkpoint LSN=1952134
2025-11-30 19:43:20 0 [Note] InnoDB: 128 out of 128 rollback segments are active.
2025-11-30 19:43:20 0 [Note] InnoDB: Removed temporary tablespace data file: "ibtmp1"
2025-11-30 19:43:20 0 [Note] InnoDB: Creating shared tablespace for temporary tables
2025-11-30 19:43:20 0 [Note] InnoDB: Setting file 'C:\xampp\mysql\data\ibtmp1' size to 12 MB. Physically writing the file full; Please wait ...
2025-11-30 19:43:20 0 [Note] InnoDB: File 'C:\xampp\mysql\data\ibtmp1' size is now 12 MB.
2025-11-30 19:43:20 0 [Note] InnoDB: Waiting for purge to start
2025-11-30 19:43:20 0 [Note] InnoDB: 10.4.32 started; log sequence number 1952143; transaction id 2921
2025-11-30 19:43:20 0 [Note] InnoDB: Loading buffer pool(s) from C:\xampp\mysql\data\ib_buffer_pool
2025-11-30 19:43:20 0 [Note] Plugin 'FEEDBACK' is disabled.
2025-11-30 19:43:20 0 [Note] Server socket created on IP: '::'.
2025-11-30 19:43:20 0 [Note] InnoDB: Buffer pool(s) load completed at 251130 19:43:20
2025-11-30 19:43:20 0 [Note] Reading of all Master_info entries succeeded
2025-11-30 19:43:20 0 [Note] Added new Master_info '' to hash table
2025-11-30 19:43:20 0 [Note] C:\xampp\mysql\bin\mysqld.exe: ready for connections.
Version: '10.4.32-MariaDB'  socket: ''  port: 3306  mariadb.org binary distribution
2025-11-30 20:47:03 0 [Note] C:\xampp\mysql\bin\mysqld.exe (initiated by: unknown): Normal shutdown
2025-11-30 20:47:03 0 [Note] Event Scheduler: Purging the queue. 0 events
2025-11-30 20:47:03 0 [Note] InnoDB: FTS optimize thread exiting.
2025-11-30 20:47:03 0 [Note] InnoDB: Starting shutdown...
2025-11-30 20:47:03 0 [Note] InnoDB: Dumping buffer pool(s) to C:\xampp\mysql\data\ib_buffer_pool
2025-11-30 20:47:03 0 [Note] InnoDB: Instance 0, restricted to 250 pages due to innodb_buf_pool_dump_pct=25
2025-11-30 20:47:03 0 [Note] InnoDB: Buffer pool(s) dump completed at 251130 20:47:03
2025-11-30 20:47:04 0 [Note] InnoDB: Removed temporary tablespace data file: "ibtmp1"
2025-11-30 20:47:04 0 [Note] InnoDB: Shutdown completed; log sequence number 1952161; transaction id 2922
2025-11-30 20:47:04 0 [Note] C:\xampp\mysql\bin\mysqld.exe: Shutdown complete

2025-11-30 20:47:08 0 [Note] Starting MariaDB 10.4.32-MariaDB source revision c4143f909528e3fab0677a28631d10389354c491 as process 11616
2025-11-30 20:47:08 0 [Note] InnoDB: Mutexes and rw_locks use Windows interlocked functions
2025-11-30 20:47:08 0 [Note] InnoDB: Uses event mutexes
2025-11-30 20:47:08 0 [Note] InnoDB: Compressed tables use zlib 1.3
2025-11-30 20:47:08 0 [Note] InnoDB: Number of pools: 1
2025-11-30 20:47:08 0 [Note] InnoDB: Using SSE2 crc32 instructions
2025-11-30 20:47:08 0 [Note] InnoDB: Initializing buffer pool, total size = 16M, instances = 1, chunk size = 16M
2025-11-30 20:47:08 0 [Note] InnoDB: Completed initialization of buffer pool
2025-11-30 20:47:09 0 [Note] InnoDB: 128 out of 128 rollback segments are active.
2025-11-30 20:47:09 0 [Note] InnoDB: Creating shared tablespace for temporary tables
2025-11-30 20:47:09 0 [Note] InnoDB: Setting file 'C:\xampp\mysql\data\ibtmp1' size to 12 MB. Physically writing the file full; Please wait ...
2025-11-30 20:47:09 0 [Note] InnoDB: File 'C:\xampp\mysql\data\ibtmp1' size is now 12 MB.
2025-11-30 20:47:09 0 [Note] InnoDB: Waiting for purge to start
2025-11-30 20:47:09 0 [Note] InnoDB: 10.4.32 started; log sequence number 1952161; transaction id 2921
2025-11-30 20:47:09 0 [Note] InnoDB: Loading buffer pool(s) from C:\xampp\mysql\data\ib_buffer_pool
2025-11-30 20:47:09 0 [Note] Plugin 'FEEDBACK' is disabled.
2025-11-30 20:47:09 0 [Note] InnoDB: Buffer pool(s) load completed at 251130 20:47:09
2025-11-30 20:47:09 0 [Note] Server socket created on IP: '::'.
2025-11-30 20:47:10 0 [Note] Reading of all Master_info entries succeeded
2025-11-30 20:47:10 0 [Note] Added new Master_info '' to hash table
2025-11-30 20:47:10 0 [Note] C:\xampp\mysql\bin\mysqld.exe: ready for connections.
Version: '10.4.32-MariaDB'  socket: ''  port: 3306  mariadb.org binary distribution
2025-12-01 10:22:04 0 [Note] Starting MariaDB 10.4.32-MariaDB source revision c4143f909528e3fab0677a28631d10389354c491 as process 3816
2025-12-01 10:22:04 0 [Note] InnoDB: Mutexes and rw_locks use Windows interlocked functions
2025-12-01 10:22:04 0 [Note] InnoDB: Uses event mutexes
2025-12-01 10:22:04 0 [Note] InnoDB: Compressed tables use zlib 1.3
2025-12-01 10:22:04 0 [Note] InnoDB: Number of pools: 1
2025-12-01 10:22:04 0 [Note] InnoDB: Using SSE2 crc32 instructions
2025-12-01 10:22:04 0 [Note] InnoDB: Initializing buffer pool, total size = 16M, instances = 1, chunk size = 16M
2025-12-01 10:22:04 0 [Note] InnoDB: Completed initialization of buffer pool
2025-12-01 10:22:05 0 [Note] InnoDB: Starting crash recovery from checkpoint LSN=1983704
2025-12-01 10:22:05 0 [Note] InnoDB: 128 out of 128 rollback segments are active.
2025-12-01 10:22:05 0 [Note] InnoDB: Removed temporary tablespace data file: "ibtmp1"
2025-12-01 10:22:05 0 [Note] InnoDB: Creating shared tablespace for temporary tables
2025-12-01 10:22:05 0 [Note] InnoDB: Setting file 'C:\xampp\mysql\data\ibtmp1' size to 12 MB. Physically writing the file full; Please wait ...
2025-12-01 10:22:05 0 [Note] InnoDB: File 'C:\xampp\mysql\data\ibtmp1' size is now 12 MB.
2025-12-01 10:22:05 0 [Note] InnoDB: Waiting for purge to start
2025-12-01 10:22:05 0 [Note] InnoDB: 10.4.32 started; log sequence number 1983713; transaction id 3044
2025-12-01 10:22:05 0 [Note] InnoDB: Loading buffer pool(s) from C:\xampp\mysql\data\ib_buffer_pool
2025-12-01 10:22:05 0 [Note] Plugin 'FEEDBACK' is disabled.
2025-12-01 10:22:06 0 [Note] Server socket created on IP: '::'.
2025-12-01 10:22:06 0 [Note] InnoDB: Buffer pool(s) load completed at 251201 10:22:06
2025-12-01 10:22:06 0 [Note] Reading of all Master_info entries succeeded
2025-12-01 10:22:06 0 [Note] Added new Master_info '' to hash table
2025-12-01 10:22:06 0 [Note] C:\xampp\mysql\bin\mysqld.exe: ready for connections.
Version: '10.4.32-MariaDB'  socket: ''  port: 3306  mariadb.org binary distribution
2025-12-01 13:05:56 220 [Warning] Access denied for user 'Site_USER'@'localhost' (using password: YES)
2025-12-01 13:09:20 221 [Warning] Access denied for user 'Site_USER'@'localhost' (using password: YES)
2025-12-01 23:32:34 0 [Note] C:\xampp\mysql\bin\mysqld.exe (initiated by: unknown): Normal shutdown
2025-12-01 23:32:34 0 [Note] Event Scheduler: Purging the queue. 0 events
2025-12-01 23:32:34 0 [Note] InnoDB: FTS optimize thread exiting.
2025-12-01 23:32:34 0 [Note] InnoDB: Starting shutdown...
2025-12-01 23:32:34 0 [Note] InnoDB: Dumping buffer pool(s) to C:\xampp\mysql\data\ib_buffer_pool
2025-12-01 23:32:34 0 [Note] InnoDB: Instance 0, restricted to 250 pages due to innodb_buf_pool_dump_pct=25
2025-12-01 23:32:34 0 [Note] InnoDB: Buffer pool(s) dump completed at 251201 23:32:34
2025-12-01 23:32:35 0 [Note] InnoDB: Removed temporary tablespace data file: "ibtmp1"
2025-12-01 23:32:35 0 [Note] InnoDB: Shutdown completed; log sequence number 2030021; transaction id 3199
2025-12-01 23:32:35 0 [Note] C:\xampp\mysql\bin\mysqld.exe: Shutdown complete

2025-12-01 23:33:13 0 [Note] Starting MariaDB 10.4.32-MariaDB source revision c4143f909528e3fab0677a28631d10389354c491 as process 3804
2025-12-01 23:33:13 0 [Note] InnoDB: Mutexes and rw_locks use Windows interlocked functions
2025-12-01 23:33:13 0 [Note] InnoDB: Uses event mutexes
2025-12-01 23:33:13 0 [Note] InnoDB: Compressed tables use zlib 1.3
2025-12-01 23:33:13 0 [Note] InnoDB: Number of pools: 1
2025-12-01 23:33:13 0 [Note] InnoDB: Using SSE2 crc32 instructions
2025-12-01 23:33:13 0 [Note] InnoDB: Initializing buffer pool, total size = 16M, instances = 1, chunk size = 16M
2025-12-01 23:33:13 0 [Note] InnoDB: Completed initialization of buffer pool
2025-12-01 23:33:14 0 [Note] InnoDB: 128 out of 128 rollback segments are active.
2025-12-01 23:33:14 0 [Note] InnoDB: Creating shared tablespace for temporary tables
2025-12-01 23:33:14 0 [Note] InnoDB: Setting file 'C:\xampp\mysql\data\ibtmp1' size to 12 MB. Physically writing the file full; Please wait ...
2025-12-01 23:33:14 0 [Note] InnoDB: File 'C:\xampp\mysql\data\ibtmp1' size is now 12 MB.
2025-12-01 23:33:14 0 [Note] InnoDB: Waiting for purge to start
2025-12-01 23:33:14 0 [Note] InnoDB: 10.4.32 started; log sequence number 2030021; transaction id 3200
2025-12-01 23:33:14 0 [Note] InnoDB: Loading buffer pool(s) from C:\xampp\mysql\data\ib_buffer_pool
2025-12-01 23:33:14 0 [Note] Plugin 'FEEDBACK' is disabled.
2025-12-01 23:33:14 0 [Note] Server socket created on IP: '::'.
2025-12-01 23:33:14 0 [Note] InnoDB: Buffer pool(s) load completed at 251201 23:33:14
2025-12-01 23:33:14 0 [Note] Reading of all Master_info entries succeeded
2025-12-01 23:33:14 0 [Note] Added new Master_info '' to hash table
2025-12-01 23:33:14 0 [Note] C:\xampp\mysql\bin\mysqld.exe: ready for connections.
Version: '10.4.32-MariaDB'  socket: ''  port: 3306  mariadb.org binary distribution
2025-12-01 23:36:05 0 [Note] C:\xampp\mysql\bin\mysqld.exe (initiated by: unknown): Normal shutdown
2025-12-01 23:36:05 0 [Note] Event Scheduler: Purging the queue. 0 events
2025-12-01 23:36:05 0 [Note] InnoDB: FTS optimize thread exiting.
2025-12-01 23:36:06 0 [Note] InnoDB: Starting shutdown...
2025-12-01 23:36:06 0 [Note] InnoDB: Dumping buffer pool(s) to C:\xampp\mysql\data\ib_buffer_pool
2025-12-01 23:36:06 0 [Note] InnoDB: Instance 0, restricted to 250 pages due to innodb_buf_pool_dump_pct=25
2025-12-01 23:36:06 0 [Note] InnoDB: Buffer pool(s) dump completed at 251201 23:36:06
2025-12-01 23:36:06 0 [Note] InnoDB: Removed temporary tablespace data file: "ibtmp1"
2025-12-01 23:36:06 0 [Note] InnoDB: Shutdown completed; log sequence number 2030030; transaction id 3201
2025-12-01 23:36:06 0 [Note] C:\xampp\mysql\bin\mysqld.exe: Shutdown complete

2025-12-01 23:36:40 0 [Note] Starting MariaDB 10.4.32-MariaDB source revision c4143f909528e3fab0677a28631d10389354c491 as process 3804
2025-12-01 23:36:41 0 [Note] InnoDB: Mutexes and rw_locks use Windows interlocked functions
2025-12-01 23:36:41 0 [Note] InnoDB: Uses event mutexes
2025-12-01 23:36:41 0 [Note] InnoDB: Compressed tables use zlib 1.3
2025-12-01 23:36:41 0 [Note] InnoDB: Number of pools: 1
2025-12-01 23:36:41 0 [Note] InnoDB: Using SSE2 crc32 instructions
2025-12-01 23:36:41 0 [Note] InnoDB: Initializing buffer pool, total size = 16M, instances = 1, chunk size = 16M
2025-12-01 23:36:41 0 [Note] InnoDB: Completed initialization of buffer pool
2025-12-01 23:36:41 0 [Note] InnoDB: 128 out of 128 rollback segments are active.
2025-12-01 23:36:41 0 [Note] InnoDB: Creating shared tablespace for temporary tables
2025-12-01 23:36:41 0 [Note] InnoDB: Setting file 'C:\xampp\mysql\data\ibtmp1' size to 12 MB. Physically writing the file full; Please wait ...
2025-12-01 23:36:41 0 [Note] InnoDB: File 'C:\xampp\mysql\data\ibtmp1' size is now 12 MB.
2025-12-01 23:36:41 0 [Note] InnoDB: Waiting for purge to start
2025-12-01 23:36:41 0 [Note] InnoDB: 10.4.32 started; log sequence number 2030030; transaction id 3200
2025-12-01 23:36:41 0 [Note] InnoDB: Loading buffer pool(s) from C:\xampp\mysql\data\ib_buffer_pool
2025-12-01 23:36:41 0 [Note] Plugin 'FEEDBACK' is disabled.
2025-12-01 23:36:41 0 [Note] Server socket created on IP: '::'.
2025-12-01 23:36:41 0 [Note] InnoDB: Buffer pool(s) load completed at 251201 23:36:41
2025-12-01 23:36:42 0 [Note] Reading of all Master_info entries succeeded
2025-12-01 23:36:42 0 [Note] Added new Master_info '' to hash table
2025-12-01 23:36:42 0 [Note] C:\xampp\mysql\bin\mysqld.exe: ready for connections.
Version: '10.4.32-MariaDB'  socket: ''  port: 3306  mariadb.org binary distribution
2025-12-02 21:15:14 0 [Note] Starting MariaDB 10.4.32-MariaDB source revision c4143f909528e3fab0677a28631d10389354c491 as process 3068
2025-12-02 21:15:14 0 [Note] InnoDB: Mutexes and rw_locks use Windows interlocked functions
2025-12-02 21:15:14 0 [Note] InnoDB: Uses event mutexes
2025-12-02 21:15:14 0 [Note] InnoDB: Compressed tables use zlib 1.3
2025-12-02 21:15:14 0 [Note] InnoDB: Number of pools: 1
2025-12-02 21:15:14 0 [Note] InnoDB: Using SSE2 crc32 instructions
2025-12-02 21:15:14 0 [Note] InnoDB: Initializing buffer pool, total size = 16M, instances = 1, chunk size = 16M
2025-12-02 21:15:14 0 [Note] InnoDB: Completed initialization of buffer pool
2025-12-02 21:15:14 0 [Note] InnoDB: Starting crash recovery from checkpoint LSN=2030030
2025-12-02 21:15:15 0 [Note] InnoDB: 128 out of 128 rollback segments are active.
2025-12-02 21:15:15 0 [Note] InnoDB: Removed temporary tablespace data file: "ibtmp1"
2025-12-02 21:15:15 0 [Note] InnoDB: Creating shared tablespace for temporary tables
2025-12-02 21:15:15 0 [Note] InnoDB: Setting file 'C:\xampp\mysql\data\ibtmp1' size to 12 MB. Physically writing the file full; Please wait ...
2025-12-02 21:15:15 0 [Note] InnoDB: File 'C:\xampp\mysql\data\ibtmp1' size is now 12 MB.
2025-12-02 21:15:15 0 [Note] InnoDB: Waiting for purge to start
2025-12-02 21:15:15 0 [Note] InnoDB: 10.4.32 started; log sequence number 2030039; transaction id 3200
2025-12-02 21:15:15 0 [Note] InnoDB: Loading buffer pool(s) from C:\xampp\mysql\data\ib_buffer_pool
2025-12-02 21:15:15 0 [Note] Plugin 'FEEDBACK' is disabled.
2025-12-02 21:15:15 0 [Note] Server socket created on IP: '::'.
2025-12-02 21:15:15 0 [Note] InnoDB: Buffer pool(s) load completed at 251202 21:15:15
2025-12-02 21:15:15 0 [Note] Reading of all Master_info entries succeeded
2025-12-02 21:15:15 0 [Note] Added new Master_info '' to hash table
2025-12-02 21:15:15 0 [Note] C:\xampp\mysql\bin\mysqld.exe: ready for connections.
Version: '10.4.32-MariaDB'  socket: ''  port: 3306  mariadb.org binary distribution
2025-12-03 11:12:35 0 [Note] Starting MariaDB 10.4.32-MariaDB source revision c4143f909528e3fab0677a28631d10389354c491 as process 4200
2025-12-03 11:12:35 0 [Note] InnoDB: Mutexes and rw_locks use Windows interlocked functions
2025-12-03 11:12:35 0 [Note] InnoDB: Uses event mutexes
2025-12-03 11:12:35 0 [Note] InnoDB: Compressed tables use zlib 1.3
2025-12-03 11:12:35 0 [Note] InnoDB: Number of pools: 1
2025-12-03 11:12:35 0 [Note] InnoDB: Using SSE2 crc32 instructions
2025-12-03 11:12:35 0 [Note] InnoDB: Initializing buffer pool, total size = 16M, instances = 1, chunk size = 16M
2025-12-03 11:12:35 0 [Note] InnoDB: Completed initialization of buffer pool
2025-12-03 11:12:35 0 [Note] InnoDB: Starting crash recovery from checkpoint LSN=2030048
2025-12-03 11:12:36 0 [Note] InnoDB: 128 out of 128 rollback segments are active.
2025-12-03 11:12:36 0 [Note] InnoDB: Removed temporary tablespace data file: "ibtmp1"
2025-12-03 11:12:36 0 [Note] InnoDB: Creating shared tablespace for temporary tables
2025-12-03 11:12:36 0 [Note] InnoDB: Setting file 'C:\xampp\mysql\data\ibtmp1' size to 12 MB. Physically writing the file full; Please wait ...
2025-12-03 11:12:36 0 [Note] InnoDB: File 'C:\xampp\mysql\data\ibtmp1' size is now 12 MB.
2025-12-03 11:12:36 0 [Note] InnoDB: Waiting for purge to start
2025-12-03 11:12:36 0 [Note] InnoDB: 10.4.32 started; log sequence number 2030057; transaction id 3200
2025-12-03 11:12:36 0 [Note] InnoDB: Loading buffer pool(s) from C:\xampp\mysql\data\ib_buffer_pool
2025-12-03 11:12:36 0 [Note] Plugin 'FEEDBACK' is disabled.
2025-12-03 11:12:36 0 [Note] Server socket created on IP: '::'.
2025-12-03 11:12:36 0 [Note] InnoDB: Buffer pool(s) load completed at 251203 11:12:36
2025-12-03 11:12:36 0 [Note] Reading of all Master_info entries succeeded
2025-12-03 11:12:36 0 [Note] Added new Master_info '' to hash table
2025-12-03 11:12:36 0 [Note] C:\xampp\mysql\bin\mysqld.exe: ready for connections.
Version: '10.4.32-MariaDB'  socket: ''  port: 3306  mariadb.org binary distribution
